NO,영업리스트 수령일,본사담당자,지역,발주처,구분,사업명,제품명, 면적 , 금액 , 영업딜러 
1,2023-11-15,남기영 팀장,강원,강릉시,지자체,강릉스케이트장 인조잔디 설치,,, - ,
2,2024-02-01,남기영 팀장,강원,강릉시,지자체,"강릉 종합스포츠 타운 건립 (축구장, 야구장, 파크골프장, 테니스장)",,,,
3,2024-06-07,,강원,강릉시,지자체,동네체육시설 교체 및 신설,,,"200,000,000",
4,2024-06-07,,강원,강릉시,지자체,동네체육시설 유지보수 및 환경정비,,,"100,000,000",
5,2024-06-07,,강원,강릉시,지자체,파크골프장 정비,,,"400,000,000",
6,2024-06-07,,강원,강릉시,지자체,공공체 육시설 개보수,,,"250,000,000",
7,2024-06-07,,강원,강릉시,지자체,체육시설 정비 - 공공체육시설 개보수,,,"495,000,000",
8,2024-06-07,,강원,강릉시,지자체,미니 축구장 조성,,,"500,000,000",
9,2024-06-07,,강원,강릉시,지자체,강릉 교동 게이트볼장 시설보강,,,"100,000,000",
10,2024-06-07,,강원,강릉시,지자체,강릉 포남1동 게이트볼장 개보수공사,,,"300,000,000",
11,2024-06-07,,강원,강릉시,지자체,강릉 궁도장 조성,,,"1,000,000,000",
12,2024-06-07,,강원,고성군,지자체,토성생활체육공원 조성사업,,,"300,000,000",
13,2024-06-07,,강원,고성군,지자체,인조잔디구장 브러싱,,,"19,250,000",
14,2024-06-07,,강원,고성군,지자체,공공체육시설 관리 - 공공체육시설 유지보수 ,,,"70,000,000",
15,2024-06-07,,강원,고성군,지자체,학야리 파크골프장 조성사업,,,"1,000,000,000",
16,2024-06-07,,강원,고성군,지자체,고성 론볼장 조성사업,,,"2,000,000,000",
17,2024-06-07,,강원,고성군,지자체,간성족구장 조성사업,,,"600,000,000",
18,2023-10-24,남기영 팀장,강원,동해시,지자체,하수종말처리장 부지 내 유소년전용 축구장 - 24년사업,MD 55,"5,000","307,500,000",
19,2023-10-24,남기영 팀장,강원,동해시,지자체,하수종말 처리장 실외 테니스장 신규조성,MD 25,"5,600","216,720,000",
20,2024-02-23,이상원 부장,강원,동해시,지자체,해오룸 스포츠타운 테니스장 6면,MD 25,,,
21,2023-11-02,김봉진 실장,강원,동해시,지자체,"동해시 야구장, 테니스장",MD 55,, - , 김봉진 실장님 
22,2024-06-07,,강원,동해시,지자체,동해웰빙레포츠타운 풋살구장 인조잔디 정비,,,"40,000,000",
23,2024-06-07,,강원,동해시,지자체,동해 백세건강스포츠 센터 건립,,,"400,000,000",
24,2024-06-07,,강원,동해시,지자체,동트는 야구장(리틀야구장)조성공사,,,"100,000,000",
25,2024-06-07,,강원,동해시,지자체,풋살구장 인조잔디 정비,,,"40,000,000",
26,2023-09-12,김봉진 실장,강원,삼척시,지자체," 제2복합 스포츠타운 축구장1면, 야구장 1면,테니스장1면,파크골프장
1면",MD 55,"15,000","922,500,000", 김봉진 실장님 
27,2023-11-02,김봉진 실장,강원,삼척시,지자체," 삼척 복합체육공원 야구장1면, 축구장2면, 풋살장3면, 족구장 4면",MD 55,"20,000","1,230,000,000", 김봉진 실장님 
28,2024-06-07,,강원,삼척시,지자체,오분 게이트볼장 이전 신축공사,,,"500,000,000",
29,2024-06-07,,강원,삼척시,지자체,제60회 강원특별자치도민체육대회 경기장 유지보수,,,"500,000,000",
30,2024-06-07,,강원,삼척시,지자체,생활문화체육공원 조성,,,"2,347,000,000",
31,2024-06-07,,강원,삼척시,지자체,동네체육시설 설치 및 유지관리 - 동네체육시설 유지보수(읍면동포함),,,"150,000,000",
32,2024-06-07,,강원,삼척시,지자체,도계파크골프장 조성사업,,,"1,000,000,000",
33,2024-06-07,,강원,삼척시,지자체,전천후 실내연습장 건립,,,"1,300,000,000",
34,2024-06-07,,강원,삼척시,지자체,삼척 골프연습장 조성사업,,,"1,600,000,000",
35,2024-06-07,,강원,삼척시,지자체,동네체육시설 신규설치 및 보수,,,"40,000,000",
36,2024-06-07,,강원,삼척시,지자체,속초 교동게이트볼장 환경공사,,,"25,000,000",
37,2024-06-07,,강원,삼척시,지자체,반다비 체육센터 조성,,,"1,500,000,000",
38,2024-06-07,,강원,삼척시,지자체,공공체육시설 유지관리,,,"250,000,000",
39,2024-06-07,,강원,삼척시,지자체,학교 체육시설 환경개선 사업,,,"594,000,000",
40,2023-10-24,이상원 부장,강원,원주교육지원청,학교,문막고등학교 풋살장 조성,MD 55,"2,400","147,600,000", 임진호 대표 
41,2023-10-24,이상원 부장,강원,원주교육지원청,학교,원주고등학교 인조잔디 운동장 조성,MD 55,"7,500","461,250,000", 임진호 대표 
42,2023-10-26,남기영 팀장,강원,원주시,지자체, 각림문화체육공원 부대시설 및 주차장 조성사업 실시설계(테니스장),MD 25,, - ,
43,2024-03-12,남기영 팀장,강원,원주시,지자체, 원주 양궁장 내 테니스장 인조잔디 6면조성,MD 25,,,
44,2023-10-26,남기영 팀장,강원,인제군,지자체, 인제종합운동장,MD 55,"8,000","492,000,000",
45,2024-06-07,,강원,인제군,지자체,체육시설 관리(자체) - 체육시설 유지보수,,,"300,000,000",
46,2024-06-07,,강원,인제군,지자체,체육시설 및 편의시설 확충(자체) - 소규모 다목적체육시설,,,"600,000,000",
47,2024-06-07,,강원,인제군,지자체,"체육시설 및 편의시설 확충(자체) - 파크골프장 조성(한계, 서화)",,,"300,000,000",
48,2024-06-07,,강원,인제군,지자체,인제종합운동장 조성[도비](전환사업)  - 인제종합운동장 조성,,,"11,650,000,000",
49,2024-06-07,,강원,인제군,지자체,인제종합운동장 조성[자체] - 인제종합운동장 조성,,,"3,000,000,000",
50,2024-06-07,,강원,인제군,지자체,인제 골프연습장 조성[도비](전환사업) - 인제 골프연습장 조성,,,"2,567,500,000",
51,2024-06-07,,강원,인제군,지자체,인제 풋살장 조성사업[도비](전환사업) - 인제 풋살장 조성사업,,,"500,000,000",
52,2024-06-07,,강원,인제군,지자체,남면 전천후테니스장 조성사업[도비](전환사업) - 남면 전천후테니스장 조성사업,,,"500,000,000",
53,2024-06-07,,강원,인제군,지자체,"서화 체육시설(테니스장,풋살장) 조성사업[균특] - 서화 체육시설(테니스장,풋살장) 조성사업",,,"1,000,000,000",
54,2024-06-07,,강원,인제군,지자체,"인제 전천후게이트볼장 개보수 공사[기금] 
- 인제 전천후게이트볼장 공사",,,"330,000,000",
55,2024-06-07,,강원,인제군,지자체,"서화 전천후게이트볼장 개보수 공사[기금]
 - 서화 전천후게이트볼장 개보수 공사",,,"360,000,000",
56,2024-06-07,,강원,인제군,지자체,남면 생활체육공원 부지 확장공사,,,"800,000,000",
57,2024-06-07,,강원,양구군,지자체,학교체육시설 개선사업,,,"435,166,000",
58,2024-06-07,,강원,양구군,지자체,관내 체육시설 유지관리 및 보수,,,"500,000,000",
59,2024-06-07,,강원,양구군,지자체,양구 제2실내테니스장 건립,,,"1,982,000,000",
60,2024-06-07,,강원,양구군,지자체,양구 종합스포츠센터,,,"2,181,000,000",
61,2024-06-07,,강원,양구군,지자체,다목적 실내체육관 신축사업,,,"2,777,000,000",
62,2024-06-07,,강원,양구군,지자체,양구 종합체육공원 조성사업,,,"3,798,000,000",
63,2024-06-07,,강원,영월군,지자체,덕포리 실내체육관 조성,,,"80,000,000",
64,2024-06-07,,강원,영월군,지자체,읍면게이트볼장 재정비 4개소,,,"400,000,000",
65,2024-06-07,,강원,정선군,지자제,남면 그라운드골프장 조성,,,"550,000,000",
66,2024-06-07,,강원,정선군,지자제,정선테니스장 전천후 환경개선(전환사업),,,"5,000,000,000",
67,2024-06-07,,강원,정선군,지자제,게이트볼장 시설정비 - 여량면 게이트볼장 시설개선 사업,,,"30,000,000",
68,2024-06-07,,강원,정선군,지자제,게이트볼장 시설정비 - 임계면 게이트볼장 노후 시설물 정비,,,"30,000,000",
69,2024-06-07,,강원,정선군,지자제,소규모 공공(동네)체육시설 보수 - 소규모 공공체육시설 보수,,,"150,000,000",
70,2024-06-07,,강원,철원군,지자제,소규모 체육시설 조성 및 관리,,,"700,000,000",
71,2024-06-07,,강원,철원군,지자제,철원 다목적실내체육관 건립사업,,,"2,955,000,000",
72,2024-06-07,,강원,철원군,지자제,화강 파크골프장 조성사업,,,"1,610,000,000",
73,2024-06-07,,강원,철원군,지자제,철원 실내사격장 건립사업,,,"588,000,000",
74,2024-06-07,,강원,철원군,지자제,갈말게이트볼장 신축사업,,,"1,000,000,000",
75,2024-06-07,,강원,철원군,지자제,주민자치역량강화 - 화지 다목적구장 바닥교체 및 기둥보호대 공사,,,"20,000,000",
76,2023-10-30,남기영 팀장,강원,춘천시,지자체,춘천교육대학교 운동장 인조잔디 설치 공사,MD 55,"8,000","492,000,000",
77,2024-06-07,,강원,춘천시,지자체,생활체육시설 확충 및 보강,,,"253,000,000",
78,2024-06-07,,강원,춘천시,지자체,신사우동 게이트볼장 시설개선,,,"360,000,000",
79,2024-06-07,,강원,춘천시,지자체,충혼게이트볼장 증축,,,"80,000,000",
80,2024-06-07,,강원,춘천시,지자체,신북읍 파크골프장 조성,,,"1,408,000,000",
81,2024-06-07,,강원,춘천시,지자체,퇴계동 국민체육센터 건립,,,"1,990,000,000",
82,2024-06-07,,강원,태백시,지자체,태백 휴 전지훈련센터 조성,,,"5,800,000,000",
83,2024-06-07,,강원,태백시,지자체,태백 스포츠파크 야구장 시설확충사업,,,"1,240,000,000",
84,2024-06-07,,강원,태백시,지자체,소도게이트볼장 환경개선사업,,,"100,000,000",
85,2024-06-07,,강원,태백시,지자체,게이트볼장 정비,,,"100,000,000",
86,2024-06-07,,강원,태백시,지자체,공공체육시설 정비 - 동네체육시설 정비,,,"40,000,000",
87,2024-06-07,,강원,태백시,지자체,사계절 다목적 전지훈련 시설(에어돔) 조성,,,"2,500,000,000",
88,2024-06-07,,강원,태백시,지자체,태백시 36홀 파크골프장 조성사업 기본계획 수립 용역,,,"22,000,000",
89,2024-06-07,,강원,평창군,지자체,대화축구장 조성,,,"1,980,000,000",
90,2024-06-07,,강원,평창군,지자체,대화체육공원 시설개선,,,"400,000,000",
91,2024-06-07,,강원,평창군,지자체,용평파크골프장 확장사업,,,"300,000,000",
92,2024-06-07,,강원,평창군,지자체,교육재정지원 - 계촌초 다목적구장 바닥재 설치,,,"12,788,000",
93,2024-06-07,,강원,평창군,지자체,체육시설 운영 및 확충 - 공공체육시설 보수 ,,,"100,000,000",
94,2024-06-07,,강원,평창군,지자체,체육시설 운영 및 확충 - 소규모 체육시설 보수 ,,,"120,000,000",
95,2024-06-07,,강원,홍천군,지자체,공공체육시설 시설 개보수,,,"200,000,000",
96,2024-06-07,,강원,홍천군,지자체,두촌면 철정2리 게이트볼장 환경 개선,,,"50,000,000",
97,2024-06-07,,강원,홍천군,지자체,내촌면 생활체육공원 테니스장 보수,,,"95,000,000",
98,2024-06-07,,강원,홍천군,지자체,내면 고원체육공원 테니스장 보수,,,"110,000,000",
99,2024-06-07,,강원,홍천군,지자체,공공체육시설 확충 - 내촌면 물걸리 게이트볼장 토지 취득,,,"130,000,000",
100,2024-06-07,,강원,홍천군,지자체,홍천군 전용게이트볼장 신촉,,,"668,000,000",
101,2024-06-07,,강원,홍천군,지자체,남면 권역 국민체육센터 건립,,,"1,600,000,000",
102,2024-06-07,,강원,홍천군,지자체,내면 국민체육센터 건립,,,"1,600,000,000",
103,2024-06-07,,강원,홍천군,지자체,내면 광원리 파크골프장 조성,,,"800,000,000",
104,2024-06-07,,강원,횡성군,지자체,생활체육공원 개선사업,,,"500,000,000",
105,2024-06-07,,경기,가평군,지자체,체육진흥시설 지원(지방체육시설지원)(전환)(자체/지원) - 체육진흥시설 지원(지역개발기금),,,"25,000,000,000",
106,2024-06-07,,경기,가평군,지자체,체육진흥시설 지원(지방체육시설지원)(전환)(자체/지원) -체육진흥시설 지원,,,"3,500,000,000",
107,2024-06-07,,경기,가평군,지자체,경기도사격테마파크 레포츠 시설 확충(자체/직접) - 경기도사격테마파크 레포츠 시설 확충,,,"2,088,800,000",
108,2024-06-07,,경기,가평군,지자체,공공체육시설 개보수 지원(기금/지원) - 노후시설 개보수 지원,,,"69,707,000",
109,2024-06-07,,경기,가평군,지자체,경기도 선수촌 건립 타당성 조사 연구용역 (자체/직접) - 경기도 선수촌 건립 타당성 용역,,,"200,000,000",
110,2024-06-07,,경기,가평군,지자체,가평생활체육공원 축구장 시설 개보수,,,"650,000,000",
111,2024-06-07,,경기,가평군,지자체,조종생활체육공원 시설 개보수,,,"400,000,000",
112,2024-06-07,,경기,가평군,지자체,설악테니스장 시설 개보수사업,,,"900,000,000",
113,2024-06-07,,경기,가평군,지자체,가평테니스장 노후시설 보수공사,,,"700,000,000",
114,2024-06-07,,경기,가평군,지자체,경기도종합체육대회 경기장 시설 개보수 - 가평보납정 시설 개보수사업,,,"70,000,000",
115,2024-06-07,,경기,가평군,지자체,청평생활체육공원 시설 개보수사업,,,"300,000,000",
116,2024-06-07,,경기,가평군,지자체,가평종합운동장 시설 개보수사업,,,"2,700,000,000",
117,2024-05-02,김봉진 실장,경기,고양시,지자체,성라테니스장 3면,EG 20,, - ,
118,2024-06-07,,경기,고양시,지자체,학교 시설환경 개선사업 - 다목적 구장 조성(고양일고),,,"205,000,000",
119,2024-06-07,,경기,고양시,지자체,체육시설유지관리공사 - 공공체육시설 유지보수(안전 및 긴급),,,"300,000,000",
120,2024-06-07,,경기,고양시,지자체,공공체육시설 확충 - 관산근린공원 다목적구장 신축 공사,,,"500,000,000",
121,2024-06-07,,경기,고양시,지자체,공공체육시설 확충 - 성석동 스포츠 콤플렉스 조성공사(설계비),,,"150,000,000",
122,2024-06-07,,경기,고양시,지자체,공공체육시설 확충 - 행주한강공원 체육시설 조성공사(설계비),,,"80,000,000",
123,2024-01-31,이상원 부장,경기,과천시,지자체,제2경인 연결고속도로 하부공간 테니스장 및 풋살장 조성,,,,
124,2024-06-07,,경기,과천시,지자체,동네체육시설 유지보수공사,,,"100,000,000",
125,2024-06-07,,경기,과천시,지자체,향촌마을소공원 배드민턴장 환경개선공사,,,"20,000,000",
126,2024-06-07,,경기,과천시,지자체,주암동 궁도장 건립,,,"100,000,000",
127,2024-06-07,,경기,과천시,지자체,제2실내체육관 건립,,,"5,500,000,000",
128,2024-06-07,,경기,과천시,지자체,제2경인고속도로 하부공간 생활체육시설 조성,,,"1,700,000,000",
129,2024-06-07,,경기,과천시,지자체,제2경인고속도로 하부공간 테니스장 조성,,,"1,100,000,000",
130,2024-06-07,,경기,과천시,지자체,관문체육공원 테니스장 정비,,,"225,000,000",
131,2024-06-07,,경기,과천시,지자체,문원체육공원공원조성계획(변경) 및 실시계획인가(변경) 용역,,,"60,000,000",
132,2024-06-07,,경기,과천시,지자체,과천 지식정보타운 문화체육시설 건립 기본 및 실시설계용역,,,"400,217,400",
133,2024-06-07,,경기,과천시,지자체,문원꿈나라풋살장 등 2개소 체육시설 정비공사,,,"290,000,000",
134,2024-06-07,,경기,광명시,지자체,광명시민건강체육센터 조성사업 설계용역,,,"1,800,000,000",
135,2024-06-07,,경기,광명시,지자체,생활체육시설 신설 및 개보수,,,"200,000,000",
136,2024-06-07,,경기,광명시,지자체,소화문화공원 조성사업(실시설계),,,"1,770,000,000",
137,2024-06-07,,경기,광명시,지자체,운산고등학교 운동장 인조잔디 교체 공사,,,"400,000,000",
138,2024-06-07,,경기,광명시,지자체,광명동초등학교 운동장 트랙 조성공사,,,"79,000,000",
139,2024-06-07,,경기,광명시,지자체,진성고등학교 운동장 트랙 조성공사,,,"400,000,000",
140,2023-09-22,남기영 팀장,경기,광주시,지자체,체육진흥시설(종합운동장 건립),MD 55,"8,000","492,000,000", 이영만 이사 
141,2024-06-07,,경기,광주시,지자체,소규모 체육시설 조성,,,"394,320,000",
142,2024-06-07,,경기,광주시,지자체,신현 문화체육복합센터 건립공사,,,"5,100,000,000",
143,2024-06-07,,경기,광주시,지자체,송정남근린공원 조성사업,,,"3,000,000,000",
144,2024-06-07,,경기,광주시,지자체,탄벌4호 어린이공원,,,"825,000,000",
145,2024-06-07,,경기,광주시,지자체,송정소공원 리모델링 사업,,,"120,000,000",
146,2024-06-07,,경기,광주시,지자체,경안근린공원 주차타워 조성사업,,,"500,000,000",
147,2024-06-07,,경기,광주시,지자체,광주시 반다비 체육센터 건립,,,"2,000,000,000",
148,2024-06-07,,경기,광주시,지자체,신현 배수지 체육시설 개선사업,,,"100,000,000",
149,2024-06-07,,경기,광주시,지자체,퇴촌면 생활체육시설 조성사업(25년까지),,,"7,750,000,000",
150,2023-10-17,이상원 부장,경기,구리시,지자체,구리시 족구장 5면,MD 25,"3,500","135,450,000", 위즈 
151,2024-06-07,,경기,구리시,지자체,갈매 복합커뮤니티센터 건립(생활체육시설 지원사업),,,"400,000,000",
152,2024-06-07,,경기,구리시,지자체,아천동 유수지 파크골프장 조성사업,,,"300,000,000",
153,2024-06-07,,경기,군포시,지자체,동네체육시설 유지보수,,,"75,000,000",
154,2024-06-07,,경기,군포시,지자체,태을 배드민턴장 노후시설물 개보수 공사,,,"110,000,000",
155,2023-09-12,이상원 부장,경기,김포시,지자체, 실내테니스장 건립(솔터체육공원) - 4코트,MD 25,"2,600","100,620,000",
156,2023-11-21,이상원 부장,경기,김포시,지자체,율생체육공원 족구장 조성,MD 25,, - ,
157,2023-11-21,이상원 부장,경기,김포시,지자체,"학운단지 김포골드밸리 중앙체육공원 내 축구장, 야구장",MD 55,,,
158,2024-06-07,,경기,김포시,지자체,솔터축구장 환경 개선,,,"4,100,000,000",
159,2024-06-07,,경기,김포시,지자체,공공체육시설 설치 및 정비예산,,,"300,000,000",
160,2024-06-07,,경기,김포시,지자체,마산등 실내 배드민턴장 건립 설계비,,,"120,000,000",
161,2024-06-07,,경기,김포시,지자체,솔터체육공원 파크골프장 설계비,,,"120,000,000",
162,2023-10-17,이상원 부장,경기,남양주시,지자체,테니스장 인조잔디 설치 4면,MD 25,"2,800","108,360,000", 배정주 
163,2023-10-26,남기영 팀장,경기,남양주시,지자체,호원권역 복합체육센터 건립공사 공원조성계획 용역,,,, 미정 
164,2024-04-11,김봉진 실장,경기,남양주시,지자체,별내배수지 인조잔디,,,,
165,2024-04-11,김봉진 실장,경기,남양주시,지자체,지금배수지 테니스장,,,,
166,2024-04-11,김봉진 실장,경기,남양주시,지자체,오남유소년 축구장,,,,
167,2024-06-07,,경기,남양주시,지자체,남양주체육문화센터 테니스장 노후시설 개보수,,,"450,000,000",
168,2024-06-07,,경기,남양주시,지자체,조안면 진중리 게이트볼장 철거공사,,,"300,000,000",
169,2024-06-07,,경기,남양주시,지자체,체육시설 유지보수비,,,"350,000,000",
170,2024-06-07,,경기,남양주시,지자체,"개발제한구역 지원(개발제한구역 주민지원사업) 
- 조안면 주민운동장[게이트볼장] 이전 설치",,,"230,000,000",
171,2024-06-07,,경기,남양주시,지자체,사능리 체육시설 조성사업,,,"150,000,000",
172,2024-06-07,,경기,남양주시,지자체,별내면 배드민턴장 조성사업,,,"1,900,000,000",
173,2024-06-07,,경기,성남시,지자체,시립체육시설유지보수공사,,,"1,357,436,000",
174,2024-06-07,,경기,성남시,지자체,탄천변 제1체육공원 파크골프장 조성공사,,,"1,750,000,000",
175,2024-06-07,,경기,성남시,지자체,양지터널 상부 체육시설 조성공사,,,"2,850,000,000",
176,2024-06-07,,경기,성남시,지자체,양지공원 다목적구장 내 체육시설 조성공사,,,"845,000,000",
177,2024-06-07,,경기,성남시,지자체,낙생대공원 테니스장 조성공사,,,"750,000,000",
178,2024-06-07,,경기,성남시,지자체,한성정체육시설정비,,,"300,000,000",
179,2024-06-07,,경기,성남시,지자체,화랑공원 다목적구장 인조잔디 교체공사,,,"124,000,000",
180,2023-11-25,김봉진 실장,경기,수원시,지자체,수원 대부둑공원 축구장,MD 55,"4,780","291,000,000", 이영만 이사 
181,2024-06-07,,경기,수원시,지자체,체육시설 확충 - 만석공원 전천후 테니스장 조성 ,,,"1,000,000,000",
182,2024-06-07,,경기,수원시,지자체,종합운동장 시설 개선,,,"686,000,000",
183,2024-06-07,,경기,수원시,지자체,생활체육시설 보수 및 유지관리,,,"400,000,000",
184,2024-06-07,,경기,수원시,지자체,서수원주민편익시설 야구장 시설개선,,,"110,000,000",
185,2024-06-07,,경기,수원시,지자체,광교체육센터 시설개선,,,"494,000,000",
186,2024-06-07,,경기,수원시,지자체,테마공원 조성 - 당수체육공원 조성(2단계),,,"200,000,000",
187,2024-06-07,,경기,안산시,지자체,체육시설 기능확충 및 보완,,,"450,000,000",
188,2024-06-07,,경기,안산시,지자체,와 스타디움 보수보강공사 실시설계용역,,,"40,000,000",
189,2024-06-07,,경기,안산시,지자체,노적봉공원 시설물 관리 - 피클볼 구장 조성사업(주민참여),,,"80,000,000",
190,2024-06-07,,경기,안산시,지자체,근린공원 시설물 관리(상록) - 부곡공원 생활체육시설 정비(주민참여),,,"50,000,000",
191,2024-06-07,,경기,안산시,지자체,사등공원 조성사업,,,"10,000,000,000",
192,2024-06-07,,경기,안산시,지자체,부곡공원 생활체육시설 정비,,,"50,000,000",
193,2024-06-07,,경기,안산시,지자체,석수골공원 족구장 보완공사,,,"100,000,000",
194,2024-06-07,,경기,안산시,지자체,고잔공원 환경개선사업,,,"300,000,000",
195,2023-09-12,이상원 부장,경기,안성시,지자체," 서안성 스포츠파크 조성(축구장1면, 야구장1면, 풋살장1면)",MD 55,"10,000","615,000,000", 이영만 이사 
196,2024-06-07,,경기,안성시,지자체,안성맞춤공감센터 (체육시설) 건립,,,"2,810,000,000",
197,2024-06-07,,경기,안성시,지자체,안성맞춤구장 인조잔디 유지보수,,,"40,000,000",
198,2024-06-07,,경기,안성시,지자체,안성맞춤소프트테니스구장 시설개선 공사,,,"4,590,000,000",
199,2024-06-07,,경기,안성시,지자체,백성초 내 국민체육센터 건립사업 용역,,,"1,121,907,000",
200,2024-06-07,,경기,안양시,지자체,야구장 및 풋살장 조성공사,,,"1,000,000,000",
201,2024-06-07,,경기,안양시,지자체,체육시설 관리 - 체육시설물 보수·정비,,,"25,000,000",
202,2024-06-07,,경기,안양시,지자체,체육시설 관리 - 동네체육공원 및 간이운동시설 보수ㆍ정비,,,"25,000,000",
203,2024-06-07,,경기,안양시,지자체,충훈고 운동장 인조잔디구장 조성,,,"400,000,000",
204,2024-06-07,,경기,양주시,지자체,실내족구장 조성 사업,,,"755,000,000",
205,2024-06-07,,경기,양주시,지자체,공공체육시설설치·시설개선사업,,,"186,000,000",
206,2024-06-07,,경기,양주시,지자체,공공체육시설 확충  - 덕계공업지구 체육시설 조성 기획설계비,,,"22,000,000",
207,2024-06-07,,경기,양주시,지자체,공공체육시설 - 공공 체육시설 유지보수,,,"100,000,000",
208,2024-06-07,,경기,양평군,지자체,읍면체육시설 확충사업,,,"400,000,000",
209,2024-06-07,,경기,양평군,지자체,체육시설 인조잔디 설치공사,,,"335,000,000",
210,2024-06-07,,경기,양평군,지자체,체육시설 인조잔디 유지관리 사업,,,"50,000,000",
211,2024-06-07,,경기,양평군,지자체,청운 파크골프장 조성사업,,,"80,000,000",
212,2024-06-07,,경기,양평군,지자체,양평파크골프장 유지 및 보수사업 - 기타시설 유지관리 보수,,,"20,000,000",
213,2024-06-07,,경기,양평군,지자체,물맑은양평종합운동장 시설보완사업(개보수) - 기타 체육시설 유지관리,,,"100,000,000",
214,2024-06-07,,경기,양평군,지자체,단월파크골프장 조성사업,,,"900,000,000",
215,2024-06-07,,경기,양평군,지자체,단월 풋살장 조성사업,,,"900,000,000",
216,2024-06-07,,경기,양평군,지자체,교육여건개선 - 지평고 다목적 운동장 설치,,,"41,180,000",
217,2024-06-07,,경기,양평군,지자체,교육여건개선 - 대아초 운동장 환경개선 사업,,,"67,214,000",
218,2024-06-07,,경기,양평군,지자체,양평생활체육공원 유지관리 - 체육공원 주변 환경정비,,,"20,000,000",
219,2024-06-07,,경기,양평군,지자체,주민참여예산 - 세월1리 주민건강 체육시설 개선사업,,,"70,000,000",
220,2024-06-07,,경기,양평군,지자체,지역개발지원 - 문호6리 수달체육공원 운동시설 설치공사,,,"40,000,000",
221,2023-12-07,김봉진 실장,경기,용인시,지자체,용인 시민체육센터 축구장 인조잔디,MD 55,, - , 김봉진 실장님 
222,2024-06-07,,경기,용인시,지자체,원삼면 공공체육시설 설치,,,"1,800,000,000",
223,2024-06-07,,경기,용인시,지자체,체육시설 유지보수비,,,"850,000,000",
224,2024-06-07,,경기,용인시,지자체,무지개공원 게이트볼장 보강공사,,,"200,000,000",
225,2024-06-07,,경기,용인시,지자체,체육시설 운영 - 공공체육시설 유지보수,,,"100,000,000",
226,2024-06-07,,경기,용인시,지자체,체육시설 운영 - 토월체육공원 게이트볼장 환경 개선 공사,,,"18,000,000",
227,2024-06-07,,경기,용인시,지자체,체육시설 운영 - 신봉고가하부 게이트볼장 환경 개선 공사,,,"17,000,000",
228,2024-06-07,,경기,용인시,지자체,용동중학교 운동장 조성,,,"400,000,000",
229,2024-06-07,,경기,용인시,지자체,서룡초등학교 운동장 조성,,,"398,000,000",
230,2024-06-07,,경기,용인시,지자체,고매동 체육시설 개선공사,,,"200,000,000",
231,2024-06-07,,경기,용인시,지자체,영덕동 체육시설 개선공사,,,"200,000,000",
232,2024-06-07,,경기,용인시,지자체,하갈동 체육시설 개선공사,,,"100,000,000",
233,2023-10-16,이상원 부장,경기,의왕시,지자체,철도공사 인재개발원 인조잔디 조성,MD 55,, - , 엔제이 
234,2023-11-02,이상원 부장,경기,의왕시,지자체,내손 체육공원 축구장 인조잔디 교체,MD 55,"7,240","445,260,000", 엔제이 
235,2024-02-01,이상원 부장,경기,의왕시,지자체,백운호수공원 축구장 및 파크골프장 조성,,,,
236,2024-06-07,,경기,의왕시,지자체,체육시설 관리 - 동네체육시설 정비(시금고 협력사업),,,"150,000,000",
237,2024-06-07,,경기,의왕시,지자체,친환경 운동장 재조성,,,"125,000,000",
238,2024-06-07,,경기,의왕시,지자체,청계체육시설(풋살장)개선사업,,,"89,500,000",
239,2023-11-14,김봉진 실장,경기,의정부교육지원청,학교,광동고등학교 인조잔디 교체,MD 55,"4,000","246,000,000", 김봉진 실장님 
240,2023-11-21,남기영 팀장,경기,의정부시,지자체,의정부 보조경기장(축구장) 조성사업,MD 55,"8,190","503,685,000", 김봉진 실장님 
241,2023-11-17,이상원 부장,경기,이천시,지자체,설봉공원 테니스장 정비,MD 25,, - ,
242,2024-01-30,이영만 이사,경기,이천시,지자체,"증포동 체육공원 조성사업(축구장,풋살장,게이트볼장)",,,,
243,2024-06-07,,경기,이천시,지자체,소규모 체육시설 설치 및 보수 공사,,,"544,000,000",
244,2024-06-07,,경기,이천시,지자체,종합운동장 인조잔디 유지관리 6회,,,"13,214,520",
245,2024-06-07,,경기,이천시,지자체,읍면동 공공체육시설 잔디구장 유지보수공사,,,"200,000,000",
246,2024-06-07,,경기,이천시,지자체,히딩크 드림필드 축구장 개보수공사,,,"200,000,000",
247,2024-06-07,,경기,이천시,지자체,장호원 체육공원 축구장 잔디구장 보수,,,"31,000,000",
248,2023-11-17,이상원 부장,경기,이천중학교,학교,이천중학교 인조잔디 교체,MD 55,"8,400","516,600,000",
249,2024-06-07,,경기,이천시,지자체,경기도 종합체육대회 추진 - 경기도민체전 시설 개보수,,,"370,000,000",
250,2024-06-07,,경기,이천시,지자체,노후체육시설 정비,,,"180,000,000",
251,2024-06-07,,경기,이천시,지자체,부대시설 개선,,,"180,000,000",
252,2024-06-07,,경기,이천시,지자체,반다비 국민체육센터 건립,,,"6,282,909,000",
253,2024-06-07,,경기,이천시,지자체,운정 유아친화형 국민체육센터 건립,,,"490,000,000",
254,2024-06-07,,경기,이천시,지자체,캠프하우즈 야구전용구장 건립,,,"21,250,000",
255,2024-06-07,,경기,이천시,지자체,체육시설물 유지보수,,,"560,500,000",
256,2024-06-07,,경기,이천시,지자체,청석게이트볼장 인조잔디교체,,,"70,000,000",
257,2024-06-07,,경기,이천시,지자체,광탄 체육공원 시설 개선,,,"400,000,000",
258,2024-06-07,,경기,이천시,지자체,파주 스포츠가치관센터 건립 타당성조사용역,,,"200,000,000",
259,2023-10-17,이상원 부장,경기,평택시,군부대,평택 2함대 연병장 인조잔디 설치,MD 55,"7,800","479,700,000", 해군 군부대 영업자 
260,2023-12-01,김봉진 실장,경기,평택시,학교,평택 국제대학교 인조잔디 설치,MD 55,"6,500","399,750,000", 김봉진 실장님 
261,2024-02-23,김봉진 실장,경기,평택시,지자체,중앙게이트볼장,MD 55,400,"24,600,000", 김봉진 실장님 
262,2024-06-07,,경기,평택시,지자체,소규모체육시설보수및장비유지비,,,"160,000,000",
263,2024-06-07,,경기,평택시,지자체,소사벌레포츠타운 보수 및 유지관리,,,"120,000,000",
264,2024-06-07,,경기,평택시,지자체,안중레포츠공원 시설개선공사,,,"1,800,000,000",
265,2024-06-07,,경기,평택시,지자체,청북 다목적체육관 조성,,,"1,000,000,000",
266,2024-06-07,,경기,평택시,지자체,신대레포츠공원 확충공사,,,"2,000,000,000",
267,2024-06-07,,경기,평택시,지자체,공공체육시설 개선공사,,,"1,500,000,000",
268,2024-06-07,,경기,평택시,지자체,도시 공원 조성 - 청북지구 레포츠공원 조성,,,"6,000,000,000",
269,2024-06-07,,경기,평택시,지자체,홍원리 체육시설 조성공사,,,"500,000,000",
270,2024-06-07,,경기,포천시,지자체,공공체육시설 인조잔디 유지보수 용역,,,"100,000,000",
271,2024-06-07,,경기,포천시,지자체,풋살구장 및 족구장 잔디 교체 및 시설 유지보수,,,"50,000,000",
272,2024-06-07,,경기,포천시,지자체,게이트볼장 잔디교체 및 시설 유지보수,,,"50,000,000",
273,2024-06-07,,경기,포천시,지자체,포천 파크골프장 조성사업,,,"1,524,000,000",
274,2024-06-07,,경기,포천시,지자체,소홀생활체육공원 게이트볼장 개보수사업,,,"500,000,000",
275,2024-06-07,,경기,포천시,지자체,무봉리 테니스연습장 설치사업,,,"250,000,000",
276,2024-06-07,,경기,포천시,지자체,일동면 기산리 풋살장 조성사업,,,"700,000,000",
277,2024-06-07,,경기,포천시,지자체,영북테니스장 시설개선사업,,,"550,000,000",
278,2021-09-03,이상원 부장,경기,하남시,지자체,"종합운동장 경기장 인조잔디철거, 설치공사",MD 55,"8,000","492,000,000", 김응구팀장 
279,2024-06-07,,경기,하남시,지자체,하남 파크골프장 조성사업,,,"790,000,000",
280,2024-06-07,,경기,하남시,지자체,황산 복합체육시설 건립(설계),,,"500,000,000",
281,2024-06-07,,경기,하남시,지자체,창우동 배드민터장 재건립,,,"1,990,000,000",
282,2024-06-07,,경기,하남시,지자체,생활체육시설유지보수공사(풋살경기장등26개소),,,"643,916,988",
283,2024-06-07,,경기,하남시,지자체,감일복합커뮤니티(2단계)(생활체육) - 감일복합커뮤니티(2단계) 건립(국민체육진흥 기금) ,,,"1,700,000,000",
284,2024-06-07,,경기,하남시,지자체,"학교시설개방 지원 - 학교체육시설 유지보수비 지원 10,000,000원*2개교",,,"20,000,000",
285,2024-04-23,김봉진 실장,경기,화성시,지자체,도원생활체육공원,,"1,490",, 김봉진 실장님 
286,2024-04-23,김봉진 실장,경기,화성시,지자체,봉담와우코리오공원,,"1,164",, 김봉진 실장님 
287,2024-06-07,,경기,화성시,지자체,인조잔디 유지보수,,,"100,000,000",
288,2024-06-07,,경기,화성시,지자체,장지체육공원 농구장시설 개선공사,,,"280,000,000",
289,2024-06-07,,경기,화성시,지자체,동부권 체육시설물 정비,,,"200,000,000",
290,2024-06-07,,경기,화성시,지자체,서남부권 체육시설물 정비,,,"200,000,000",
291,2024-06-07,,경기,화성시,지자체,시각장애인 축구장 조성(설계),,,"50,000,000",
292,2024-06-07,,경기,화성시,지자체,화성남부국민체육센터 족구장 개선,,,"10,000,000",
293,2024-06-07,,경기,화성시,지자체,남양체육공원 게이트볼장 개선공사,,,"50,000,000",
294,2024-06-07,,경기,화성시,지자체,탄요유적공원 게이트볼장 개선공사,,,"40,000,000",
295,2024-06-07,,경기,화성시,지자체,동탄3동 인곡1저류지 체육시설 개선사업,,,"100,000,000",
296,2024-06-07,,경기,화성시,지자체,향남고 운동장 개선,,,"71,498,000",
297,2024-06-07,,경기,화성시,지자체,화성 반다비 체육센터 건립,,,"4,060,000,000",
298,2024-06-07,,경기,화성시,지자체,동네 생활체육시설 조성,,,"480,000,000",
299,2024-06-07,,경기,화성시,지자체,동학산 축구장 이전설치,,,"1,500,000,000",
300,2024-06-07,,경기,화성시,지자체,화성시 실내배드민턴장 시설개선,,,"140,000,000",
301,2024-06-07,,경기,화성시,지자체,중리(중동)인조잔디구장 설치,,,"33,700,000",
302,2024-06-07,,경기,화성시,지자체,동탄1동 게이트볼장 환경개선,,,"34,100,000",
303,2024-06-07,,경남,본청,지자체,공공체육시설 개보수 지원 - 공공체육시설 개보수 지원사업,,,"23,043,000,000",
304,2024-06-07,,경남,본청,지자체,일반 체육시설 설치 - 생활체육대축전 경기장시설 정비,,,"250,000,000",
305,2024-06-07,,경남,본청,지자체,체육진흥시설 지원(전환) - 지방체육시설 지원(전환),,,"1,652,000,000",
306,2024-06-07,,경남,본청,지자체,체육진흥시설 지원(전환) - 운동장체육시설 지원(전환),,,"630,000,000",
307,2024-06-07,,경남,본청,지자체,체육진흥시설 지원(전환) - 생활체육공원조성 지원(전환),,,"5,135,000,000",
308,2024-06-07,,경남,본청,지자체,체육진흥시설 지원(전환) - 노인건강체육시설 지원(전환),,,"5,570,000,000",
309,2024-06-07,,경남,본청,지자체,체육진흥시설 지원(전환) - 레저스포츠시설 지원(전환),,,"200,000,000",
310,2024-06-07,,경남,고성군,지자체,고성 당항포 경기장 개보수공사,,,"323,750,000",
311,2024-06-07,,경남,고성군,지자체,스포츠타운 2구장 잔디교체,,,"648,000,000",
312,2024-06-07,,경남,고성군,지자체,테니스장 시설 개선공사,,,"150,000,000",
313,2024-06-07,,경남,고성군,지자체,고성군 실내야구연습장 조성사업,,,"600,000,000",
314,2024-06-07,,경남,고성군,지자체,고성군 파크골프장 조성사업,,,"1,100,000,000",
315,2024-06-07,,경남,고성군,지자체,동고성체육시설(잔여지)조성사업,,,"2,000,000,000",
316,2024-06-07,,경남,거제시,지자체,고현보조운동장 인조잔디 정비공사,,,"100,000,000",
317,2024-06-07,,경남,거제시,지자체,전국(장애인)체전대비경기장시설개보수 지원 사업,,,"335,000,000",
318,2024-06-07,,경남,거제시,지자체,거제스포츠파크 인조잔디구장 시설개선,,,"700,000,000",
319,2023-11-15,김봉진 실장,경남,경남대학교,학교, 경남대학교 테니스장 4면,MD 25,"3,000","116,100,000", 김봉진 실장님 
320,2023-11-13,김봉진 실장,경남,김해 교육지원청,학교,장유중학교 인조잔디 설치,MD 55,"8,149","501,163,500", 김봉진 실장님 
321,2023-09-22,이상원 부장,경남,김해시,지자체,김해시 어방체육공원 축구장 노후시설 개선사업,MD 55,"7,300","448,950,000", 김주곤 대표 
322,2023-11-13,김봉진 실장,경남,김해시,지자체,김해 장유체육공원(율하체육공원) 축구장,MD 55,"7,630","469,245,000", 김봉진 실장님 
323,2023-11-13,김봉진 실장,경남,김해시,지자체,김해 축구센터 4면,MD 55,, - , 김봉진 실장님 
324,2024-06-07,,경남,김해시,지자체,중부스포츠파크조성기본계획용역,,,"200,000,000",
325,2024-06-07,,경남,김해시,지자체,체육시설 유지보수 - 공공체육시설 유지보수,,,"800,000,000",
326,2024-06-07,,경남,김해시,지자체,화포천 체육공원 노후시설 개선사업 - 시설물 개선 1식,,,"50,000,000",
327,2023-11-24,김봉진 실장,경남,산청군,지자체,생초면축구장 3면,MD 55,, - , 김봉진 실장님 
328,2023-11-24,김봉진 실장,경남,산청군,지자체,산청군 보조구장,MD 55,, - , 김봉진 실장님 
329,2024-06-07,,경남,산청군,지자체,생초 축구센터 건립사업 - 생초 축구센터 건립사업,,,"3,400,000,000",
330,2024-06-07,,경남,산청군,지자체,소규모 체육시설확충 - 차황면 파크골프연습장 조성사업,,,"110,000,000",
331,2024-06-07,,경남,산청군,지자체,체육시설 보수 및 수선유지비,,,"300,000,000",
332,2024-06-07,,경남,산청군,지자체,읍면 체육시설 보수 사업,,,"154,000,000",
333,2024-06-07,,경남,산청군,지자체,차황면 파크골프연습장 조성사업,,,"110,000,000",
334,2024-06-07,,경남,산청군,지자체,장승배기생태공원 체육시설 정비사업,,,"450,000,000",
335,2024-06-07,,경남,산청군,지자체,산엔청 파크골프장 조성사업,,,"300,000,000",
336,2024-06-07,,경남,산청군,지자체,오부 가마실권역 축구장 조성사업,,,"345,000,000",
337,2023-11-03,이상원 부장,경남,양산 교육지원청,학교,대운초등학교 풋살 경기장 신축사업,MD 55,"3,200","196,800,000",
338,2024-01-08,김봉진 실장,경남,양산시,지자체,"양산시 축구장 1개소, 풋살장 1개소",MD 55,,, 김봉진 실장님 
339,2024-06-07,,경남,양산시,지자체,회야정 시설 개선 - 회야정 시설 개선공사,,,"189,000,000",
340,2024-06-07,,경남,양산시,지자체,양산 강만호야구장 경기장 개보수,,,"110,000,000",
341,2024-06-07,,경남,양산시,지자체,수질정화공원 테니스장 시설 개선공사,,,"108,800,000",
342,2024-06-07,,경남,양산시,지자체,범어야구장 정비공사,,,"160,000,000",
343,2024-06-07,,경남,양산시,지자체,동부양산 파크골프장 조성사업,,,"2,850,000,000",
344,2024-06-07,,경남,의령군,지자체,생활체육시설 확충 시설부대비,,,"457,000,000",
345,2024-06-07,,경남,의령군,지자체,2024년전국체전경기장(의령홍의정)개보수,,,"107,000,000",
346,2024-06-07,,경남,의령군,지자체,의령제2다목적구장조성사업,,,"350,000,000",
347,2024-06-07,,경남,의령군,지자체,동부지역(부림신반)체육공원조성사업(전환),,,"2,000,000,000",
348,2024-06-07,,경남,의령군,지자체,남산공원 생활체육시설 개선,,,"150,000,000",
349,2024-06-07,,경남,진주시,지자체,"신안동 복합 스포츠타운 조성(52,700m2)",,,"17,001,000,000",
350,2024-06-07,,경남,진주시,지자체,명석지구체육공원 조성,,,"10,000,000,000",
351,2024-06-07,,경남,진주시,지자체,모덕체육공원 론볼경기장 개보수 사업,,,"800,000,000",
352,2024-06-07,,경남,진주시,지자체,공공체육시설 유지 보수 ,,,"950,000,000",
353,2024-06-07,,경남,진주시,지자체,진주종합경기장 관리 운영 - 진주종합경기장 시설 유지보수,,,"270,000,000",
354,2024-06-07,,경남,진주시,지자체,공원 내 시설물 정비 및 확충,,,"400,000,000",
355,2024-06-07,,경남,진주시,지자체,안락공원 조성,,,"9,413,000,000",
356,2023-09-12,남기영 팀장,경남,진주시,지자체," 진주 명석 야구스포츠파크조성사업 (야구장 2면, 유소년 1면)",MD 55,"15,000","922,500,000",
357,2024-06-07,,경남,창녕시,지자체,남지체육공원 축구장 인조잔디 교체,,,"700,000,000",
358,2024-06-07,,경남,창녕시,지자체,창녕스포츠파크 축구장 시설개선,,,"550,000,000",
359,2024-06-07,,경남,창녕시,지자체,남지테니스장 시설개선,,,"70,000,000",
360,2024-06-07,,경남,창녕시,지자체,대합파크골프장 조성,,,"1,900,000,000",
361,2024-06-07,,경남,창녕시,지자체,중부권 파크골프장 조성,,,"1,500,000,000",
362,2024-06-07,,경남,창녕시,지자체,남부권 파크골프장 조성,,,"2,200,000,000",
363,2024-05-07,김봉진 실장,경남,창원시,지자체, 창원 남산어울림 운동장 정비공사,MD 55,"6,300","387,450,000",
364,2024-05-07,김봉진 실장,경남,창원시,지자체, 창원 축구센터 하프돔 및 풋살경기장 인조잔디 교체공사,MD 55,,"470,000,000",
365,2024-03-12,김봉진 실장,경남,창원시,학교, 창원 상남초등학교,MD 55,"4,000","246,000,000",
366,2024-02-14,김봉진 실장,경남,창원시,지자체, 소계운동장 인조잔디,MD 55,"7,000","430,500,000", 김봉진 실장님 
367,2023-09-12,남기영 팀장,경남,창원시,지자체, 삼진운동장 인조잔디 교체공사,MD 55,"7,300","448,950,000", 김주곤 대표 
368,2023-09-12,남기영 팀장,경남,창원시,지자체, 여좌지구 국민체육센터,,, - , 김주곤 대표 
369,2024-06-07,,경남,창원시,지자체,합성1동 체육시설 조성사업,,,"100,000,000",
370,2024-06-07,,경남,창원시,지자체,갈뫼산 체육시설 조성사업,,,"100,000,000",
371,2024-06-07,,경남,창원시,지자체,대산파크골프장 조성사업,,,"540,000,000",
372,2024-06-07,,경남,창원시,지자체,소사 파크골프장 조성사업,,,"1,180,000,000",
373,2024-06-07,,경남,창원시,지자체,덕산조차장 파크골프장 조성사업,,,"100,000,000",
374,2024-06-07,,경남,창원시,지자체,창원시립테니스장 개보수공사,,,"782,000,000",
375,2024-06-07,,경남,창원시,지자체,진해야구장 개보수공사,,,"260,000,000",
376,2024-06-07,,경남,창원시,지자체,마산합포스포츠센터 개보수공사,,,"425,000,000",
377,2024-06-07,,경남,창원시,지자체,개발제한구역 생활공원조성사업 - 소계체육공원 노후시설 정비 사업,,,"1,200,000,000",
378,2024-06-07,,경남,창원시,지자체,삼진운동장 시설정비공사,,,"300,000,000",
379,2024-06-07,,경남,창원시,지자체,반지어울림운동장 테니스장 개선공사,,,"190,000,000",
380,2024-06-07,,경남,창원시,지자체,용호운동장 내 게이트볼장 시설개선공사,,,"200,000,000",
381,2024-06-07,,경남,창원시,지자체,"창원축구센터(하프돔,풋살장)인조잔디교체공사",,,"476,000,000",
382,2024-06-07,,경남,창원시,지자체,앵지밭골 체육시설 조성공사,,,"1,400,000,000",
383,2024-06-07,,경남,통영시,지자체,산양스포츠파크 실내야구연습장 건립,,,"900,000,000",
384,2024-06-07,,경남,하동군,지자체,읍면생활체육공원 시설개선 (4개소),,,"200,000,000",
385,2024-06-07,,경남,하동군,지자체,하동 스포츠파크 조성사업,,,"2,166,601,000",
386,2024-06-07,,경남,하동군,지자체,진교 파크골프장 조성사업,,,"250,000,000",
387,2024-06-07,,경남,하동군,지자체,악양 다목적 체육관 건립사업,,,"865,000,000",
388,2024-06-07,,경남,하동군,지자체,하동 힐링파크골프 조성사업,,,"700,000,000",
389,2024-06-07,,경남,하동군,지자체,유아친화형국민체육센터건립사업,,,"1,600,000,000",
390,2024-06-07,,경남,하동군,지자체,양보 파크골프장 조성사업,,,"198,600,000",
391,2024-06-07,,경남,하동군,지자체,읍면생활체육공원 시설개선사업 - 횡천파크골프장 기반시설 정비,,,"80,000,000",
392,2024-06-07,,경남,하동군,지자체,진교 파크골프장 건립사업(전환) - 진교 파크골프장 건립사업,,,"250,000,000",
393,2024-06-07,,경남,하동군,지자체,생활체육공원 관리운영 - 읍면 다목적체육시설 개보수,,,"110,000,000",
394,2024-06-07,,경남,함양군,지자체,공공체육시설 유지보수 및 소규모 수선,,,"100,000,000",
395,2024-06-07,,경남,함양군,지자체,"읍면체육시설유지보수 및 소규모수선
20,000,000원*10개소",,,"200,000,000",
396,2024-06-07,,경남,함양군,지자체,함양스포츠파크 조성사업 사후환경영향조사 용역,,,"100,000,000",
397,2024-06-07,,경남,함양군,지자체, 함양스포츠파크 조성사업(2단계)(지방비),,,"789,238,000",
398,2024-06-07,,경남,함양군,지자체,안의 실내게이트볼장 보수사업(전환),,,"90,000,000",
399,2024-06-07,,경남,함양군,지자체,안의 실내게이트볼장 보수사업(지방비),,,"210,000,000",
400,2024-06-07,,경남,함양군,지자체,함양공설운동장 보조축구장 보수사업(전환) ,,,"120,000,000",
401,2024-06-07,,경남,함양군,지자체,"운동장생활체육시설지원 - 함양공설운동장 보조축구장 보 수사업(전환)
(지방비)",,,"280,000,000",
402,2024-06-07,,경남,함양군,지자체,함양스포츠파크 조성사업(2단계),,,"1,200,000,000",
403,2024-06-07,,경남,함양군,지자체,안의 실내게이트볼장 보수사업,,,"300,000,000",
404,2024-06-07,,경남,함양군,지자체,함양공설운동장 보조축구장 보수사업,,,"400,000,000",
405,2024-03-25,이상원 부장,경남,함안군,지자체, 학동족구장 정비사업,EG 35,700,"44,450,000", 이상원 부장님 
406,2024-06-07,,경남,함안군,지자체,칠원 학동마을 족구장 정비,,,"80,000,000",
407,2024-06-07,,경남,함안군,지자체,국가하천변 파크골프장 확대조성,,,"1,400,000,000",
408,2024-06-07,,경남,함안군,지자체,칠원공설운동장 정비,,,"1,000,000,000",
409,2024-06-07,,경남,함안군,지자체,체육시설 설치 및 정비 - 칠서 무릉체육공원 확장을 위한 군계획시설결정 용역 ,,,"120,000,000",
410,2024-06-07,,경남,함안군,지자체,체육시설 설치 및 정비 - 칠북 공설운동장 체육공원 조성,,,"20,000,000",
411,2024-06-07,,경남,함안군,지자체,소규모 주민편익사업 - 소규모 체육시설 보수 및 정비,,,"60,000,000",
412,2024-06-07,,경남,함안군,지자체,야로중학교 운동장 야구시설 개선사업,,,"700,000,000",
413,2024-06-07,,경남,함안군,지자체,체육시설 관리 - 면 체육공원 노후시설 보수(10개소),,,"200,000,000",
414,2024-06-07,,경남,함안군,지자체,체육시설 관리 - 핫들생태공원 파크골프장정비,,,"60,000,000",
415,2024-06-07,,경남,함안군,지자체,읍면 체육시설물 정비 - 청덕체육공원 확장,,,"30,000,000",
416,2024-06-07,,경남,함안군,지자체,초계대공원 축구장 시설 개보수,,,"330,000,000",
417,2024-06-07,,경남,함안군,지자체,합천 다목적 체육관 신축사업,,,"8,998,000,000",
418,2024-06-07,,경남,함안군,지자체,대양국민체육센터 건립,,,"1,500,000,000",
419,2024-06-07,,경남,함안군,지자체,용주 갈마산공원 파크골프장 조성사업,,,"3,000,000,000",
420,2024-06-07,,대구,본청,지자체,달성군 방천리 파크골프장 조성(전환),,,"1,425,000,000",
421,2024-06-07,,대구,본청,지자체,강변리틀야구장(1구장) 개보수,,,"506,221,000",
422,2024-06-07,,대구,본청,지자체,대구광역시론볼경기장 개보수,,,"83,310,000",
423,2024-06-07,,대구,본청,지자체,아양아트센터 체육시설 개보수,,,"1,400,000,000",
424,2024-06-07,,대구,본청,지자체,옻골축구장 노후시설 정비사업,,,"90,000,000",
425,2024-06-07,,대구,본청,지자체,체육시설 확충 및 개보수 - 체육시설 확충 및 개보수,,,"300,000,000",
426,2024-06-07,,대구,군위군,지자체,공공체육시설 - 마을단위 소규모 체육시설 설치 ,,,"45,000,000",
427,2024-06-07,,대구,군위군,지자체,공공체육시설 - 군위 소프트 테니스장 인조잔디 설치공사,,,"250,000,000",
428,2024-06-07,,대구,군위군,지자체,공공체육시설 - 의흥 대추공원 파크골프 조성사업,,,"250,000,000",
429,2024-06-07,,대구,군위군,지자체,공공체육시설 - 군위읍 게이트볼장 조성사업,,,"1,550,000,000",
430,2024-06-07,,대구,군위군,지자체,공공체육시설관리 - 게이트볼장 시설보강,,,"15,000,000",
431,2024-06-07,,대구,군위군,지자체,공공체육시설관리 - 생활체육시설 설치 및 보강,,,"20,000,000",
432,2024-06-07,,대구,남구,지자체,생활 체육시설 확충 및 정비 - 생활체육시설물 설치 및 정비,,,"250,000,000",
433,2024-06-07,,대구,남구,지자체,테니스장 바닥 정비공사('20~22년 특교세·금 집행잔액 재투자),,,"110,472,040",
434,2024-06-07,,대구,달서구,지자체,공원시설물 보수 및 보완 - 운동시설 설치 및 보수,,,"70,000,000",
435,2024-06-07,,대구,달서구,지자체,월배국민체육센터 테니스장 정비,,,"200,000,000",
436,2024-06-07,,대구,달서구,지자체,공공체육시설 유지관리,,,"150,000,000",
437,2024-06-07,,대구,달서구,지자체,월배국민체육센터 확장,,,"990,000,000",
438,2024-06-07,,대구,달서구,지자체,동네체육시설 설치 및 유지관리,,,"75,000,000",
439,2024-06-07,,대구,달성군,지자체,기타 체육시설 설치 및 보수 공사 - 기타 체육시설 설치 및 보수 공사 ,,,"400,000,000",
440,2024-06-07,,대구,달성군,지자체,읍면 동네체육시설 정비 및 설치 - 읍면 동네체육시설 정비 및 설치 ,,,"200,000,000",
441,2024-06-07,,대구,달성군,지자체,화원 천내천 게이트볼장 인조잔디 설치 - 화원 천내천 게이트볼장 인조잔디 설치  ,,,"50,000,000",
442,2024-06-07,,대구,달성군,지자체,다사 방천리 파크골프장 조성 - 다사 방천리 파크골프장 조성 ,,,"1,425,000,000",
443,2024-06-07,,대구,달성군,지자체,다사 매곡 테니스장 정비 - 다사 매곡 테니스장 정비 ,,,"1,356,000,000",
444,2024-06-07,,대구,달성군,지자체,다사체육공원 체육시설 정비 - 다사체육공원 체육시설 정비 ,,,"50,000,000",
445,2024-06-07,,대구,달성군,지자체,하빈면민 운동장 시설개선 등 정비공사 - 하빈면민 운동장 시설개선 등 정비공사,,,"1,795,000,000",
446,2024-06-07,,대구,동구,지자체,아양아트센터 체육시설 개보수,,,"2,800,000,000",
447,2024-06-07,,대구,동구,지자체,동네체육시설 조성 및 관리,,,"300,000,000",
448,2024-06-07,,대구,동구,지자체,도평동 체육시설 농구장 개선,,,"28,000,000",
449,2024-06-07,,대구,북구,지자체,관음중앙대 가로수 밑 인조잔디 설치,,,"10,000,000",
450,2024-06-07,,대구,북구,지자체,구수산스포츠센터 건립,,,"2,010,000,000",
451,2024-06-07,,대구,북구,지자체,공공체육시설물 조성 및 유지관리,,,"680,000,000",
452,2024-06-07,,대구,북구,지자체,옻골축구장 노후시설 정비사업,,,"300,000,000",
453,2024-06-07,,대구,수성구,지자체,동네체육시설 유지 보수,,,"50,000,000",
454,2024-06-07,,대구,수성구,지자체,"쾌적한 도시공원 조성 - 공원 체육시설 설치 3,000,000원*10개소",,,"30,000,000",
455,2024-06-07,,대구,수성구,지자체,호돌이어린이공원 어린이용 체육시설 설치(수성4가동),,,"5,000,000",
456,2024-06-07,,대구,수성구,지자체,범어재어린이공원 운동공간 바닥포장 교체(범어3동),,,"10,000,000",
457,2024-06-07,,대구,수성구,지자체,"생활체육시설 설치 - 생활체육시설 설치 및 관리 3,500,000원*10점",,,"35,000,000",
458,2024-06-07,,대구,수성구,지자체,파크골프장 관리 - 파크골프장 시설 유지·보수,,,"50,000,000",
459,2024-06-07,,대구,중구,지자체,체육시설운영 - 동네체육시설 유지보수,,,"15,000,000",
460,2024-06-07,,대구,중구,지자체,체육시설운영 - 동네체육시설 설치,,,"15,000,000",
461,2024-05-09,이상원 부장,경북,경북대학교,학교, 경북대학교 운동장,EG 55,"7,820","496,570,000",
462,2024-06-07,,경북,경산시,지자체,대조리운동장 파크골프장 및 야구장 조성,,,"1,480,000,000",
463,2024-06-07,,경북,경산시,지자체,대구대학교 파크골프장 조성,,,"1,200,000,000",
464,2024-06-07,,경북,경산시,지자체,"생활체육시설 설치 및 보수 - 설치 2,000,000원*25개소",,,"50,000,000",
465,2024-06-07,,경북,경산시,지자체,"생활체육시설 설치 및 보수 - 보수 500,000원*100개소",,,"50,000,000",
466,2024-06-07,,경북,경산시,지자체,하양생활체육공원 정구장 지붕 및 인조잔디 설치공사,,,"230,000,000",
467,2024-06-07,,경북,경산시,지자체,체육시설관리 - 경산생활체육공원 시설물 보수 - 생활체육공원 내 노후 시설물 긴급보수,,,"100,000,000",
468,2023-09-22,이상원 부장,경북,경주시,지자체,현곡 체육공원 조성,MD 55,"4,536","278,964,000", 경주 체육회장 
469,2023-09-22,이상원 부장,경북,경주시,지자체,베이스볼파크 3구장 조성,MD 55,"10,000","615,000,000", 경주 체육회장 
470,2024-06-07,,경북,경주시,지자체,공공체육시설관리 - 경주 종합운동장 - 경주 종합운동장 건립 타당성 조사용역,,,"200,000,000",
471,2024-06-07,,경북,경주시,지자체,경주충효국민체육센터,,,"1,110,000,000",
472,2024-06-07,,경북,경주시,지자체,경주 안강산대운동장 개보수,,,"1,300,000,000",
473,2024-06-07,,경북,고령군,지자체,"다목적구장 확장(A=3,952m2) 및 게이트볼장 이설",,,"600,000,000",
474,2024-01-30,이영만 이사,경북,구미시,지자체,낙동강체육공원 축구장(9번구장)정비사업,,,"1,500,000,000",
475,2024-01-30,이영만 이사,경북,구미시,지자체,낙동강체육공원 축구장(예비구장)정비사업,,,"400,000,000",
476,2024-02-01,이영만 이사,경북,구미시,지자체,인조잔디 야구장 조성,,,,
477,2024-05-07,이영만 이사,경북,구미시,지자체,구미 게이트볼장 2개소,EG 55,,,
478,2024-06-07,,경북,구미시,지자체,읍면동체육시설관리 - 생활체육 시설정비 ,,,"150,000,000",
479,2024-06-07,,경북,구미시,지자체,공원내체육시설관리 - 공원 내 체육시설 정비 및 유지보수,,,"60,000,000",
480,2024-06-07,,경북,구미시,지자체,고아 황산리 체육시설 정비공사,,,"80,000,000",
481,2024-06-07,,경북,구미시,지자체,동락공원 야구장 유지보수,,,"70,000,000",
482,2024-06-07,,경북,구미시,지자체,수변체육시설관리 -  수변체육시설 정비 및 유지보수,,,"250,000,000",
483,2024-06-07,,경북,군위군,지자체,의흥 대추공원 파크골프 조성사업,,,"250,000,000",
484,2024-06-07,,경북,군위군,지자체,군위읍 게이트볼장 조성사업,,,"1,550,000,000",
485,2024-06-07,,경북,김천시,지자체,부곡게이트볼장 인조잔디 교체 및 지붕보수,,,"50,000,000",
486,2024-06-07,,경북,김천시,지자체,김천종합운동장 개보수,,,"2,500,000,000",
487,2024-06-07,,경북,김천시,지자체,도민체전시설 개보수,,,"4,000,000,000",
488,2024-06-07,,경북,김천시,지자체,어울림한마당(제2스포츠타운)조성사업,,,"2,000,000,000",
489,2024-06-07,,경북,김천시,지자체,율곡동 국민체육센터 건립,,,"3,300,000,000",
490,2023-11-13,이상원 부장,경북,문경시,지자체,문경축구센터,MD 55,, - ,
491,2024-06-07,,경북,문경시,지자체,실내테니스 경기장 건립 기본 및 실시설계 등,,,"800,000,000",
492,2024-06-07,,경북,문경시,지자체,문경 전문 축구경기장 기본구상 용역,,,"20,000,000",
493,2024-06-07,,경북,문경시,지자체,마성면 생활체육공원 조성 타당성 조사용역,,,"19,000,000",
494,2024-06-07,,경북,문경시,지자체,생활체육시설 보강 - 체육시설물 긴급 보수비 ,,,"500,000,000",
495,2024-06-07,,경북,문경시,지자체,생활체육시설 보강 - 영강체육공원 대국정 설치 ,,,"300,000,000",
496,2024-06-07,,경북,문경시,지자체,생활체육시설 보강 - 문경국궁장 동하계 훈련장 설치 ,,,"100,000,000",
497,2024-06-07,,경북,문경시,지자체,생활체육시설 보강 - 문경읍 하리 게이트볼장 보수,,,"60,000,000",
498,2024-06-07,,경북,문경시,지자체,가은 양산천 체육공원 조성,,,"800,000,000",
499,2024-06-07,,경북,문경시,지자체,문경 국제소프트테니스장 개보수,,,"100,000,000",
500,2024-06-07,,경북,문경시,지자체,문경 국민체육센터 긴급 개보수,,,"837,500,000",
501,2024-06-07,,경북,문경시,지자체,[소멸대응]문경 휴&스포츠 체험존 조성 - 실시설계비 및 공모설계비 - 문경 휴&스포츠 체험존 조성 ,,,"800,000,000",
502,2024-06-07,,경북,봉화군,지자체,"시설관리종합운영 - 시설관리유지보수 10,000,000원*5개소",,,"50,000,000",
503,2024-06-07,,경북,봉화군,지자체,체육시설유지관리 - 다덕체육시설유지보수,,,"5,000,000",
504,2024-06-07,,경북,봉화군,지자체,공공체육시설 개보수,,,"450,000,000",
505,2024-06-07,,경북,봉화군,지자체,생활체육공원 기본구상 및 타당성 조사 용역,,,"20,000,000",
506,2024-06-07,,경북,봉화군,지자체,석포 주민종합 체육센터 건립,,,"3,000,000,000",
507,2024-06-07,,경북,봉화군,지자체,복합스포츠단지 인조잔디 보수공사,,,"65,000,000",
508,2024-06-07,,경북,봉화군,지자체,복합스포츠단지 돔구장(테니스장) 정비,,,"150,000,000",
509,2024-06-07,,경북,봉화군,지자체,체육시설유지관리 - 공설운동장배수로및시설물정비공사,,,"50,000,000",
510,2024-06-07,,경북,봉화군,지자체,체육시설유지관리 - 다덕체육시설누수수리및시설보강공사,,,"15,000,000",
511,2024-06-07,,경북,봉화군,지자체,공원시설물유지관리 - 내성천생활체육공원기반시설정비사업,,,"300,000,000",
512,2024-06-07,,경북,봉화군,지자체,"체육시설물관리 - 읍면체육시설유지보수 4,000,000원*10개소",,,"40,000,000",
513,2024-06-07,,경북,상주시,지자체,함창 신흥체육공원 축구장,,,"300,000,000",
514,2024-06-07,,경북,상주시,지자체,중동 오상리 게이트볼장 설치공사,,,"100,000,000",
515,2024-06-07,,경북,상주시,지자체,모서 삼포리 게이트볼장 이전 설치공사,,,"180,000,000",
516,2024-06-07,,경북,상주시,지자체,은척 화령리 다목적구장 조성공사,,,"110,000,000",
517,2024-06-07,,경북,상주시,지자체,체육시설확충및유지관리 - 낙동강변 체육시설 환경정비,,,"100,000,000",
518,2024-06-07,,경북,상주시,지자체,함창소공원 조성공사,,,"500,000,000",
519,2024-06-07,,경북,성주군,지자체,성주호생태둔치공원조성사업,,,"1,100,000,000",
520,2024-06-07,,경북,성주군,지자체,심산문화테마파크조성사업,,,"7,500,000,000",
521,2024-06-07,,경북,성주군,지자체,인촌지생태공원조성사업,,,"3,800,000,000",
522,2024-06-07,,경북,성주군,지자체,소성지생태공원조성사업,,,"600,000,000",
523,2024-06-07,,경북,성주군,지자체,생활문화센터건립공사,,,"276,000,000",
524,2024-06-07,,경북,성주군,지자체,초전면어울림복합타운건립사업,,,"6,000,000,000",
525,2024-06-07,,경북,성주군,지자체,소성리휴빌리지및주변정리사업,,,"2,000,000,000",
526,2024-06-07,,경북,성주군,지자체,"시군체육시설확충 - 성주별고을종합체육시설조성사업(토지매
입비) ",,,"1,200,000,000",
527,2024-06-07,,경북,성주군,지자체,낙동강변성주파크골프장조성사업,,,"1,500,000,000",
528,2024-06-07,,경북,성주군,지자체,선남면복합문화체육센터건립,,,"3,000,000,000",
529,2024-06-07,,경북,성주군,지자체,성주별고을종합체육시설조성사업,,,"1,335,000,000",
530,2023-09-22,이상원 부장,경북,안동시,지자체,70사단부지 체육공원 조성 실시실계비,MD 55,"7,100","436,650,000", 강시원 대표 
531,2024-06-07,,경북,안동시,지자체,체육시설 조성 - 생활체육시설 설치 및 보수 - 풍산읍 상리리 잔디마당 조성,,,"300,000,000",
532,2024-06-07,,경북,안동시,지자체,체육시설 조성 - 안동 하아그린파크 실내야구연습장 조성공사(전환사업),,,"2,000,000,000",
533,2024-06-07,,경북,안동시,지자체,체육시설 조성 - [도]안동 남선면 이천1리 게이트볼장 설치(전환사업),,,"80,000,000",
534,2024-06-07,,경북,안동시,지자체,체육시설 조성 - [도]안동 도산면 온혜리 게이트볼장 설치(전환사업),,,"186,000,000",
535,2024-06-07,,경북,영주시,지자체,스포츠컴플렉스 조성사업,,,"3,712,000,000",
536,2024-06-07,,경북,영천시,지자체,금호읍신원리공공체육시설조성사업,,,"720,000,000",
537,2024-06-07,,경북,영천시,지자체,영천신녕초테니스장시설보수,,,"250,000,000",
538,2024-06-07,,경북,영천시,지자체,영천거여초게이트볼장시설보수,,,"100,000,000",
539,2024-06-07,,경북,영주시,지자체,대창중.고등학교 운동장 환경개선 지원,,,"800,000,000",
540,2024-06-07,,경북,영주시,지자체,국민체육센터 게이트볼장 리모델링,,,"280,000,000",
541,2024-06-07,,경북,영주시,지자체,체육시설물 관리 - 각종 공공체육시설 설치 및 보수,,,"100,000,000",
542,2024-06-07,,경북,의성군,지자체,의성야구장 보수공사,,,"250,000,000",
543,2024-06-07,,경북,의성군,지자체,의성 안계고테니스장 시설보수,,,"120,000,000",
544,2024-06-07,,경북,의성군,지자체,의성 종합체육관 조성,,,"11,375,000,000",
545,2024-06-07,,경북,의성군,지자체,의성 안평면 실내체육관 조성,,,"2,480,000,000",
546,2024-06-07,,경북,의성군,지자체,비안면 테니스장 확장공사,,,"287,970,000",
547,2024-06-07,,경북,의성군,지자체,종합레포츠타운 조성 부지매입,,,"2,400,000,000",
548,2024-06-07,,경북,의성군,지자체,의성종합체육관조성,,,"16,800,540,000",
549,2024-06-07,,경북,청도군,지자체,청도군배드민턴전용구장건립,,,"1,796,000,000",
550,2024-06-07,,경북,청도군,지자체,청도공설운동장개보수,,,"1,414,000,000",
551,2024-06-07,,경북,칠곡군,지자체,석적파크골프장 확충사업,,,"797,120,000",
552,2024-06-07,,경북,칠곡군,지자체,금산파크골프장 조성,,,"797,120,000",
553,2024-06-07,,경북,칠곡군,지자체,"석적리틀야구장정비사업 - 7,000m2",,,"794,960,000",
554,2024-06-07,,경북,칠곡군,지자체,가산파크골프장조성(전환),,,"993,700,000",
555,2024-06-07,,경북,칠곡군,지자체,"포남야구장정비사업(전환) - 8,500m2",,,"1,291,810,000",
556,2024-06-07,,경북,칠곡군,지자체,칠곡종합운동장국민체육센터조성사업,,,"2,761,828,000",
557,2024-06-07,,경북,포항시,지자체,양덕 스포츠타운 축구장(2구장) 인조잔디 교체,,,"1,000,000,000",
558,2024-06-07,,경북,포항시,지자체,공공체육시설 확충 - 포항종합운동장 송학정(궁도장) 시설 정비,,,"100,000,000",
559,2024-06-07,,경북,포항시,지자체,공공체육시설 확충 - 포항지곡파크골프장시설보수<보조> ,,,"10,000,000",
560,2024-06-07,,경북,포항시,지자체,체육시설 유지관리 - 소규모 공공체육시설 설치 및 보수,,,"200,000,000",
561,2024-06-07,,경북,포항시,지자체,공공체육시설 확충 시설부대비,,,"1,880,000,000",
562,2024-06-07,,경북,포항시,지자체,포항환여풋살장 시설보수,,,"80,000,000",
563,2024-06-07,,경북,포항시,지자체,포항양덕체육공원 게이트볼장 시설보수,,,"20,000,000",
564,2024-06-07,,경북,포항시,지자체,선린대학교운동장정비,,,"100,000,000",
565,2024-06-07,,경북,포항시,지자체,생활체육인 전용체육파크조성,,,"3,500,000,000",
566,2023-11-02,이상원 부장,광주,광주광역시,지자체, 광주축구센터 전면 재조성,MD 55,, - , 김봉진 실장님 
567,2024-02-21,남기영 팀장,대전,대전광역시,지자체, 대전덕암축구센터,,,, 남기영팀장 
568,2024-02-21,남기영 팀장,대전,대전광역시,지자체, 풋살장 1면 신규조성,MD 55,"1,500","92,250,000", 남기영팀장 
569,2024-02-15,이상원 부장,대구,청구고등학교,학교,청구고등학교 인조잔디 교체,MD 55,"3,400","209,100,000", 이상원 부장님 
570,2023-09-12,남기영 팀장,대전,대전시,지자체, 서남부종합스포츠타운 건립 - 축구장 2면,MD 55,"16,000","984,000,000",
571,2024-02-01,남기영 팀장,대전,동구,지자체,판암동 축구장 2면 조성,,,,
572,2024-03-12,남기영 팀장,서울,,지자체, 서부공원 여가 센터 배드민턴 4면,MD 25,,,
573,2023-10-17,이상원 부장,서울,강동구,지자체,강동구 동명 축구장 인조잔디 설치,MD 55,"6,500","399,750,000", 장동훈(정상아) 
574,2023-11-13,김봉진 실장,서울,노원구,지자체,불암산체육공원 축구장 교체공사,MD 55,"8,000","492,000,000", 김봉진 실장님 
575,2023-09-12,남기영 팀장,서울,동대문구,학교, 청량중학교 인조잔디조성,MD 55,"4,309","265,003,500",
576,2023-10-30,남기영 팀장,서울,마포구,지자체, 망원유수지 파크골프장 조성 및 체육시설 개선사업 실시설계,MD 55,"2,500","153,750,000",
577,2024-01-30,이영만 이사,서울,마포구,지자체,주민편익시설공사비,,,,
578,2024-03-11,김봉진 실장,서울,용산구,지자체, 용산구청 테니스장 6면,MD 25,,,
579,2023-09-12,남기영 팀장,서울,은펑구,지자체, 갈현지구 테니스장 3면,MD 25,"1,800","69,660,000", 장만순 대표 
580,2023-10-24,이영만 이사,세종,세종시,지자체,"부강면 야구장, 미호강 축구장 등 침수 개보수 - 24년(상)",MD 55,"48,651","2,992,036,500",
581,2023-10-24,남기영 팀장,울산,울산교육청,학교,남목초등학교 운동장 재구조화,MD 55,"4,550","279,825,000",
582,2023-10-16,이상원 부장,울산,울산시,지자체,문수야구장 시설개선,MD 55,"13,000","799,500,000",
583,2023-11-15,이상원 부장,울산,울산시,지자체,울산 상개 복합스포츠센터 조성,,,,
584,2023-11-15,이상원 부장,울산,울산시,지자체,울산 중구축구장 조성사업,MD 55,,,
585,2024-02-01,이상원 부장,울산,울산시,지자체,강동 관광단지 파크 골프장 조성,,,,
586,2024-02-01,이상원 부장,울산,울산시,지자체,문수테니스장 시설개선 사업,,,,
587,2024-06-07,,울산,본청,지자체,체육시설 개선 및 확충 사업 - 미포구장 시설 개보수,,,"1,100,000,000",
588,2024-06-07,,울산,본청,지자체,체육시설 개선 및 확충 사업 - 파크골프장 조성,,,"500,000,000",
589,2024-06-07,,울산,본청,지자체,체육시설 개선 및 확충 사업 - 구 군 파크골프장 조성 지원,,,"3,000,000,000",
590,2024-06-07,,울산,본청,지자체,체육시설 개선 및 확충 사업 - 범서 구영 다목적 실내배드민턴장국민체육센터 건립 ,,,"967,000,000",
591,2024-06-07,,울산,본청,지자체,체육시설 개선 및 확충 사업 - 남구 궁도장 건립,,,"2,100,000,000",
592,2024-06-07,,울산,본청,지자체,공공체육시설 개보수 지원 - 향교 게이트볼장 노후 시설 개선공사,,,"60,000,000",
593,2024-06-07,,울산,본청,지자체,공공체육시설 개보수 지원 - 달천운동장 시설개선사업,,,"210,000,000",
594,2024-06-07,,울산,본청,지자체,"공공체육시설 개보수 지원 -문수야구장 그라운드 인조잔디
 교체",,,"500,000,000",
595,2024-06-07,,울산,본청,지자체,"전국생활체육대축전 준비 운영 - 전국생활체육대축전 시설
 개·보수",,,"20,000,000",
596,2024-06-07,,울산,본청,지자체,"전국생활체육대축전 준비 운영 - 전국생활체육대축전 시설 
개·보수(구 군)",,,"113,000,000",
597,2024-06-07,,울산,남구,지자체,생활체육 시설물 관리 - 체육시설물 보수 ,,,"150,000,000",
598,2024-06-07,,울산,남구,지자체,생활체육 시설물 관리 - 양궁장 등 체육시설내 조경정비,,,"30,000,000",
599,2024-06-07,,울산,남구,지자체,도시관리공단 전출금 - 체육시설물 자본전출금 ,,,"3,400,000",
600,2024-06-07,,울산,남구,지자체,"공원 조성 및 관리 - 공원녹지 시설물 유지보수 - 체육시설물 교체 및 설치 3,000,000원*20개",,,"60,000,000",
601,2024-06-07,,울산,동구,지자체,제2 파크골프장 조성,,,"1,500,000,000",
602,2024-06-07,,울산,동구,지자체,동부회관 공공체육서설 전환,,,"1,500,000,000",
603,2024-06-07,,울산,동구,지자체,체육시설 조성 및 관리 - 공공체육시설 관리 - 공공체육시설물정비(16개소),,,"100,000,000",
604,2024-06-07,,울산,동구,지자체,"도시공원 및 녹지정비사업 - 체육시설물 설치 및 정비
3,000,000원*3점",,,"9,000,000",
605,2024-06-07,,울산,울주군,지자체,운동장 인조잔디 교체공사,,,"1,000,000,000",
606,2024-06-07,,울산,울주군,지자체,울주 파크골프장 조성사업 설계,,,"75,000,000",
607,2024-06-07,,울산,울주군,지자체,언양 체육공원 조성사업 실시설계,,,"1,280,000,000",
608,2024-06-07,,울산,울주군,지자체,범서 구영 실내배드민턴장 건립공사,,,"3,500,000,000",
609,2024-06-07,,울산,울주군,지자체,구영운동장 조성사업,,,"4,731,000,000",
610,2024-06-07,,울산,울주군,지자체,생활체육시설 설치 - 웅촌 덕현마을 체육시설 조성공사,,,"450,000,000",
611,2023-02-03,이상원 부장,울산,울주군,지자체,언양체육공원 조성사업,MD 55,"8,000","492,000,000",
612,2024-06-07,,울산,울주군,,생활체육시설 유지 관리 - 체육시설 잔디정비공사 ,,,"200,000,000",
613,2024-06-07,,울산,울주군,,생활체육시설 유지 관리 - 도시계획시설(체육시설)사업 실시계획인가및 준공용역,,,"20,000,000",
614,2024-06-07,,울산,울주군,,생활체육시설 유지 관리 - 생활체육시설 긴급 유지보수공사,,,"500,000,000",
615,2024-06-07,,울산,울주군,,범서 중촌 누리길 조성사업 - 범서 중촌 누리길 조성사업 공사비,,,"1,000,000,000",
616,2024-06-07,,울산,중구,,체육시설 수리 보수보강,,,"200,000,000",
617,2024-06-07,,울산,중구,,달천운동장 시설개선사업,,,"700,000,000",
618,2024-06-07,,울산,중구,,국민체육센터 시설개선사업,,,"550,000,000",
619,2024-06-07,,부산,본청,지자체,공공.생활 체육시설 확충 - 공공용지 활용 생활체육시설 확충지원사업,,,"6,000,000,000",
620,2024-06-07,,부산,본청,지자체,공공.생활 체육시설 확충 - 수영구 호암골 체육공원 정비(주민참여예산),,,"20,000,000",
621,2024-06-07,,부산,본청,지자체,이용시설 유지관리 - 파크골프시설 유지보수,,,"495,000,000",
622,2024-06-07,,부산,강서구,지자체,"체육시설물 설치 및 관리 - 야외체육시설 신규설치 15,000,000원*4개소",,,"60,000,000",
623,2024-06-07,,부산,강서구,지자체,"체육시설물 설치 및 관리 - 생활체육시설 보강
 8,300,000원*15개소",,,"124,500,000",
624,2024-06-07,,부산,금정구,지자체,동네체육시설 확충 보수 및 유지관리,,,"300,000,000",
625,2024-06-07,,부산,기장군,지자체,기장-현대차 드림 볼파크 야구장 인조잔디 교체공사,,,"500,000,000",
626,2024-06-07,,부산,기장군,지자체,기장읍 생활체육공원 조성사업,,,"300,000,000",
627,2024-06-07,,부산,기장군,지자체,기장군 테니스 경기장 도시관리계획 결정용역,,,"220,000,000",
628,2024-06-07,,부산,기장군,지자체,동네체육시설 설치,,,"180,000,000",
629,2024-06-07,,부산,남구,지자체,동네체육시설 유지 및 관리 - 체육시설 및 부대편의시설 보수(보강),,,"100,000,000",
630,2024-06-07,,부산,동구,지자체,군집체육시설 바닥포장(5개소),,,"100,000,000",
631,2024-06-07,,부산,동구,지자체,체육시설 확충 및 관리 - 복합스포츠단지 조성 - 기본 및 실시설계 용역비,,,"660,000,000",
632,2024-06-07,,부산,동구,지자체,"동네체육시설 관리(시군구전환사업)  - 동네·산악체육시설 보수·보강 15,000,000원*12월",,,"180,000,000",
633,2024-06-07,,부산,동래구,지자체,산림보호 - 산림 내 체육·편의시설 설치 및 유지보수,,,"30,000,000",
634,2024-06-07,,부산,동래구,지자체,온천천 편의시설물 설치 및 정비 - 군집체육시설 바닥포장(5개소),,,"100,000,000",
635,2024-06-07,,부산,부산진구,지자체,생활체육 확대 보급 - 전포동 풋살장 조성,,,"60,000,000",
636,2024-06-07,,부산,부산진구,지자체,동네체육시설 확충·정비 - 동네체육시설 개·보수 및 설치 - 노후시설 정비·보수,,,"100,000,000",
637,2024-06-07,,부산,사상구,지자체,엄궁유수지 복합문화체육센터 건립,,,"3,000,000,000",
638,2024-06-07,,부산,사상구,지자체,체육시설물 유지 보수 - 소규모 동네체육시설 유지 보강 ,,,"88,500,000",
639,2024-06-07,,부산,사상구,지자체,체육시설물 유지 보수 - 소규모 동네체육시설 신규 및 교체 설치 ,,,"60,000,000",
640,2024-06-07,,부산,사하구,지자체,다대5지구 동네체육시설 환경개선 및 운동기구 정비,,,"50,000,000",
641,2024-06-07,,부산,사하구,지자체,다대포 체육시설 유지보수,,,"40,000,000",
642,2024-06-07,,부산,사하구,지자체,동네체육시설 유지보수,,,"300,000,000",
643,2024-06-07,,부산,사하구,지자체,강변환경공단 파크골프장 관리 - 강변환경공단 파크골프장 시설유지보수 ,,,"40,000,000",
644,2024-06-07,,부산,사하구,지자체,을숙도 체육시설 유지 및 보수 - 을숙도 축구장 부지 토지매입대금(2차연도분) ,,,"321,000,000",
645,2024-06-07,,부산,수영구,지자체,"체육시설 확충 및 생활체육 확대보급 - 동네,산지 체육시설 보수·보강",,,"48,495,000",
646,2024-06-07,,부산,수영구,지자체,"구민친화형 생활체육시설 설치 - 신규 운동기구 등 
2,500,000원*24대",,,"60,000,000",
647,2024-06-07,,부산,연제구,지자체,공공부지 활용 생활체육시설 조성,,,"52,000,000",
648,2024-06-07,,부산,연제구,지자체,온천천시민공원 시설물 관리 - 체육공간 바닥 포장 정비,,,"50,000,000",
649,2024-06-07,,부산,영도구,지자체,공공체육시설 운영관리 - 공공체육시설 유지관리 ,,,"60,000,000",
650,2024-06-07,,부산,중구,지자체,동네체육시설 관리 - 동네체육시설 정비 ,,,"60,000,000",
651,2024-06-07,,부산,진구,지자체,전포동 풋살장 조성,,,"60,000,000",
652,2024-06-07,,부산,진구,지자체,당감동 복합국민체육센터 건립,,,"2,828,000,000",
653,2024-06-07,,부산,해운대구,지자체,공공 체육시설관리 - 공공체육시설 유지관리보수 등,,,"70,000,000",
654,2024-06-07,,부산,해운대구,지자체,산림내 체육시설물 관리 - 산림내 체육(편의)시설 정비,,,"190,000,000",
655,2024-05-09,이상원 부장,부산,부산대학교,학교,부산대학교 인조잔디,EG 55,"8,100","514,350,000",
656,2024-05-09,이상원 부장,부산,부산해양대학교,학교,부산해양대학교 인조잔디,EG 55,, - ,
657,2023-11-21,김봉진 실장,부산,부산건국중학교,학교,건국중학교 인조잔디 설치,MD 55,"1,500","92,250,000", 김봉진 실장님 
658,2023-11-28,이상원 부장,부산,예문여자고등학교,학교, 예문여자고등학교 아침체인지 인조잔디 운동장 공사 사업,MD 55,"2,100","129,150,000",
659,2024-06-07,,인천,본청,지자체,계양경기장 파크골프장 등 시설증설 공사 - 계양경기장 파크골프장 등 시설증설 공사 공사비 ,,,"673,000,000",
660,2024-06-07,,인천,본청,지자체,인천아시아드주경기장 파크골프장 조성사업 공사비,,,"1,216,000,000",
661,2024-06-07,,인천,본청,지자체,남동경기장 파크골프장 조성 - 남동경기장 파크골프장 조성 공사비,,,"886,000,000",
662,2023-09-12,남기영 팀장,인천,강화군,지자체, 강화군 종합스포츠타운 조성,,,,
663,2024-06-07,,인천,강화군,지자체,포6중대 풋살장 조성공사,,,"350,000,000",
664,2024-06-07,,인천,강화군,지자체,강화군 국민체육센터 노후시설 개선공사,,,"650,000,000",
665,2024-06-07,,인천,강화군,지자체,강화군 종합스포츠타운 조성사업,,,"1,000,000,000",
666,2024-06-07,,인천,강화군,지자체,서도면 근린생활형 다목적 체육관 건립사업,,,"700,000,000",
667,2024-06-07,,인천,강화군,지자체,초지1리 게이트볼장 수리,,,"38,000,000",
668,2024-06-07,,인천,강화군,지자체,하점면 망월3리 전천후게이트볼장 인조잔디 정비공사,,,"50,000,000",
669,2024-06-07,,인천,강화군,지자체,송해면 양오2리 게이트볼장 인조잔디 정비공사,,,"45,000,000",
670,2024-06-07,,인천,강화군,지자체,교동면 난정2리 게이트볼장 정비공사,,,"22,000,000",
671,2024-02-01,이상원 부장,인천,계양구,지자체,"계양복합체육단지 (축구장 , 그라운드골프장)",,,,
672,2023-11-29,남기영 팀장,인천,남동구,지자체, 남동구 종합체육공원 조성,MD 55,,,
673,2024-06-07,,인천,남동구,지자체,남동경기장 주변 종합체육시설 조성(부지매입),,,"2,740,000,000",
674,2024-06-07,,인천,남동구,지자체,아단배드민턴장 노후시설 정비,,,"500,000,000",
675,2024-06-07,,인천,남동구,지자체,남호정 노후시설 정비,,,"300,000,000",
676,2023-10-24,남기영 팀장,인천,중구청,지자체,인천 1부두 여객터미널 풋살장 게이트볼장,MD 55,"1,000","61,500,000",
677,2024-06-07,,인천,중구청,지자체,용유 다목적 게이트볼장 조성,,,"50,000,000",
678,2024-06-07,,인천,중구청,지자체,관내 체육시설 유지보수,,,"15,000,000",
679,2024-06-07,,인천,중구청,지자체,미단시티 체육공원 조성사업 - 실시 설계 용역,,,"280,000,000",
680,2024-06-07,,인천,연수구,지자체,연수구청소년수련관 건립,,,"5,356,000,000",
681,2024-06-07,,인천,연수구,지자체,연수체육공원 풋살경기장 정비,,,"18,000,000",
682,2024-06-07,,광주,광산구,지자체,용등공원 축구장 시설개선,,,"499,500,000",
683,2024-06-07,,광주,남구,지자체,진월운동장 조성,,,"268,695,000",
684,2024-06-07,,광주,남구,지자체,동네 체육시설 관리 - 동네체육시설 설치 및 교체,,,"100,000,000",
685,2024-06-07,,광주,남구,지자체,공공체육시설관리 - 공공체육시설 확충 및 유지보수,,,"47,000,000",
686,2024-06-07,,광주,남구,지자체,공공체육시설관리 - 승촌파크골프장 정비사업,,,"360,000,000",
687,2024-06-07,,광주,남구,지자체,공공체육시설관리 - 봉선테니스장 기능보강 사업(22년 특별교부금 집행잔액 재투자),,,"19,389,000",
688,2024-06-07,,광주,남구,지자체,남구국민체육센터 건립,,,"1,700,000,000",
689,2024-06-07,,광주,북구,지자체,노인건강체육시설조성,,,"300,000,000",
690,2024-06-07,,광주,북구,지자체,두암체육공원시설개선사업,,,"300,000,000",
691,2024-06-07,,광주,북구,지자체,운암동복합체육센터건립,,,"1,069,000,000",
692,2024-06-07,,광주,북구,지자체,생활체육시설확충및관리 - 마을단위체육시설 조성,,,"16,000,000",
693,2024-06-07,,광주,북구,지자체,공공체육시설관리 - 공공체육시설확충및유지보수,,,"60,000,000",
694,2024-06-07,,광주,북구,지자체,어린이공원및소공원관리 - 북구공원내체육시설추가설치(주민참여예산) ,,,"20,000,000",
695,2024-06-07,,광주,서구,지자체,생활체육시설설치및개보수,,,"130,000,000",
696,2024-06-07,,광주,중구,지자체,미단시터 체육공원 조성사업 설계용역,,,"280,000,000",
697,2024-06-07,,전남,본청,지자체,종합체육시설 개보수 및 관리-중대재해 관련 도 체육시설 보수공사,,,"200,000,000",
698,2024-06-07,,전남,본청,지자체,지방체육시설 지원(전환사업)-도 종합체육시설 노후 개보수,,,"497,000,000",
699,2024-06-07,,전남,본청,지자체,지방체육시설 지원(전환사업) - 지방체육시설 지원,,,"15,460,000,000",
700,2024-06-07,,전남,본청,지자체,노인건강체육시설 지원(전환사업) - 노인건강체육시설 지원,,,"5,691,000,000",
701,2024-06-07,,전남,본청,지자체,운동장생활체육시설 지원(전환사업) - 운동장생활체육시설 지원,,,"2,080,000,000",
702,2024-06-07,,전남,본청,지자체,생활체육공원조성 지원(전환사업) - 생활체육공원조성 지원,,,"160,000,000",
703,2024-06-07,,전남,본청,지자체,레저스포츠시설 지원(전환사업) - 레저스포츠시설 지원,,,"540,000,000",
704,2024-06-07,,전남,본청,지자체,지방체육시설 확충 - 소규모 생활체육시설 설치,,,"150,000,000",
705,2024-06-07,,전남,본청,지자체,지방체육시설 확충 - 제64회 전라남도체육대회 경기시설 개보수지원(장성),,,"850,000,000",
706,2024-06-07,,전남,본청,지자체,지방체육시설 확충 - 제36회 전라남도생활체육대축전 개최지 정비,,,"80,000,000",
707,2024-06-07,,전남,본청,지자체,"지방체육시설 확충 - 목포시 상동,삼향동,옥암동 일원 공동체육시설 설치사업",,,"20,000,000",
708,2024-06-07,,전남,본청,지자체,지방체육시설 확충 - 목포시 연산동 서해 파크 골프장 시설개선 사업,,,"40,000,000",
709,2024-06-07,,전남,본청,지자체,지방체육시설 확충 - 목포시 용담동 게이트볼장 시설개선사업,,,"30,000,000",
710,2024-06-07,,전남,본청,지자체,지방체육시설 확충 - 목포시 부주산파크골프장 시설개선사업,,,"20,000,000",
711,2024-06-07,,전남,본청,지자체,지방체육시설 확충 - 목포시 파크골프장 시설개선사업,,,"30,000,000",
712,2024-06-07,,전남,본청,지자체,지방체육시설 확충 - 순천시 해룡면 공공체육시설 시설개선사업,,,"50,000,000",
713,2024-06-07,,전남,본청,지자체,지방체육시설 확충 - 나주시 노안면 호우 피해 공동체육시설 시설개선사업,,,"15,000,000",
714,2024-06-07,,전남,본청,지자체,지방체육시설 확충 - 광양시 광양읍 파크골프장 시설개선사업,,,"30,000,000",
715,2024-06-07,,전남,본청,지자체,지방체육시설 확충 - 광양시 중마동 공동체육시설 설치사업,,,"30,000,000",
716,2024-06-07,,전남,본청,지자체,지방체육시설 확충 - 광양시 태인동 그라운드골프장 시설개선사업,,,"50,000,000",
717,2024-06-07,,전남,본청,지자체,지방체육시설 확충 - 구례군 마산면 체육시설 설치사업,,,"30,000,000",
718,2024-06-07,,전남,본청,지자체,지방체육시설 확충 - 완도군 노화읍 공동체육시설 설치사업,,,"40,000,000",
719,2024-06-07,,전남,본청,지자체,지방체육시설 확충 - 장흥군 장평면 장평체육공원 시설개선사업,,,"30,000,000",
720,2024-06-07,,전남,본청,지자체,지방체육시설 확충 - 강진군 병영면 공공체육시설 설치사업,,,"20,000,000",
721,2024-06-07,,전남,본청,지자체,지방체육시설 확충 - 강진군 강진읍 노인복지회관 체육시설 설치사업,,,"15,000,000",
722,2024-06-07,,전남,본청,지자체,지방체육시설 확충 - 영암군 영암음 시종면 파크골프장 시설개선사업,,,"30,000,000",
723,2024-06-07,,전남,본청,지자체,공공체육시설 개보수 지원 - 공공체육시설 개보수 지원,,,"2,358,000,000",
724,2024-06-07,,전남,강진군,지자체,미량면 원포축구장 인조잔디 보수,,,"50,000,000",
725,2024-06-07,,전남,강진군,지자체,강진군축구전용경기장조성,,,"2,911,968,000",
726,2024-06-07,,전남,고흥군,지자체,풍양파크골프장 조성,,,"1,500,000,000",
727,2024-06-07,,전남,고흥군,지자체,과역파크골프장 조성,,,"1,000,000,000",
728,2024-06-07,,전남,고흥군,지자체,녹동신항 해양스포츠조성,,,"420,000,000",
729,2024-06-07,,전남,고흥군,지자체,남양 희망풋살장 조성,,,"30,000,000",
730,2024-06-07,,전남,고흥군,지자체,도화 베이스볼 전용구장 조성 기본계획,,,"50,000,000",
731,2024-06-07,,전남,고흥군,지자체,드론체험놀이터 조성 공시비,,,"1,090,000,000",
732,2023-09-22,남기영 팀장,전남,곡성군,지자체,곡성군 학교복합시설 테니스장 2면(곡성중),MD 25,"2,080","80,496,000",
733,2024-06-07,,전남,고흥군,지자체,문화운동장 인조잔디 보수,,,"20,000,000",
734,2024-06-07,,전남,고흥군,지자체,옥과권 파크골프장 조성사업,,,"300,000,000",
735,2024-06-07,,전남,광양군,지자체,광양읍권 종합 스포츠타운 조성 사업(부지매입),,,"2,100,000,000",
736,2024-06-07,,전남,광양군,지자체,광양 국민체육센터 개보수 공사,,,"100,000,000",
737,2024-06-07,,전남,광양군,지자체,국민체육센터 증축공사,,,"910,000,000",
738,2024-06-07,,전남,광양군,지자체,동부권 파크골프장 조성사업,,,"697,000,000",
739,2024-06-07,,전남,광양군,지자체,동천 파크골프장 추가 조성사업,,,"300,000,000",
740,2024-06-07,,전남,광양군,지자체,마동 테니스장 환경 개선 사업,,,"50,000,000",
741,2024-06-07,,전남,광양군,지자체,광영 그라운드골프장 환경 개선 사업,,,"100,000,000",
742,2024-06-07,,전남,광양군,지자체,축구전용구장 인조잔디 설치(배수구),,,"5,040,000",
743,2024-06-07,,전남,광양군,지자체,동네체육시설물 관리 - 동네체육시설물 유지보수 ,,,"34,000,000",
744,2024-06-07,,전남,광양군,지자체,동네체육시설 관리 - 동네체육시설 유지보수비 ,,,"20,000,000",
745,2024-06-07,,전남,광양군,지자체,도로 및 체육시설관리 - 공원 환경 정비 및 동네 체육시설 설치 ,,,"9,000,000",
746,2024-06-07,,전남,광양군,지자체,진상면 전천후 게이트볼장 건립공사,,,"980,000,000",
747,2024-06-07,,전남,광양군,지자체,광영동 전천후 실내게이트볼장 건립공사,,,"980,000,000",
748,2024-06-07,,전남,구례군,지자체,지리산 생터공원 파크골프장 조성사업,,,"600,000,000",
749,2024-06-07,,전남,구례군,지자체,구례 골프연습장 건립사업,,,"1,330,000,000",
750,2024-06-07,,전남,구례군,지자체,구례 웰니스 복합센터 건립,,,"2,304,000,000",
751,2024-06-07,,전남,나주시,지자체,빛가람초등학교 운동장 인조잔디 조성,,,"50,000,000",
752,2024-06-07,,전남,나주시,지자체,빛가람중학교 운동장 인조잔디 조성,,,"40,000,000",
753,2024-06-07,,전남,나주시,지자체,종합스포츠파크 관리 - 종합운동장 잔디교체,,,"150,000,000",
754,2024-06-07,,전남,나주시,지자체,스포츠파크 인조잔디 충진제 구입,,,"2,000,000",
755,2024-06-07,,전남,나주시,지자체,남평 지석천 파크골프장 조성,,,"1,200,000,000",
756,2024-06-07,,전남,나주시,지자체,안창동 파크골프장 조성,,,"1,200,000,000",
757,2024-06-07,,전남,나주시,지자체,보조축구장 잔디브러시 용역,,,"2,000,000",
758,2023-11-21,남기영 팀장,전남,남원시,지자체,남원종합스포츠타운 인조잔디 풋살경기장 (45*25),MD 55,"1,125","69,187,500",
759,2023-11-15,남기영 팀장,전남,담양군,지자체,스포츠타운 조성사업,,,,
760,2023-11-15,남기영 팀장,전남,담양군,지자체,군민생활체육공원 조성사업,,,,
761,2024-06-07,,전남,담양군,지자체,"읍면게이트볼구장 보수 및 정비 3,500,000원*6개소",,,"21,000,000",
762,2024-06-07,,전남,담양군,지자체,"일반 체육시설물 관리 - 게이트볼구장, 테니스장 보수 
5,000,000원*7개",,,"35,000,000",
763,2024-06-07,,전남,담양군,지자체,"일반 체육시설물 관리 - 기타 체육시설 보수
5,000,000원*6개소",,,"30,000,000",
764,2024-06-07,,전남,담양군,지자체,군민생활체육공원 조성사업 - 군민생활체육공원 조성사업 토지매입,,,"700,000,000",
765,2024-06-07,,전남,담양군,지자체,고서 증암천 파크골프장 조성사업 - 고서 증암천 파크골프장 조성,,,"1,000,000,000",
766,2024-06-07,,전남,목포시,지자체,유달 시립테니스장 정구장 개보수 사업,,,"3,453,811,000",
767,2024-06-07,,전남,목포시,지자체,체육시설 기능 보강 - 체육시설 기능 보강 및 노후 시설물 보수 ,,,"510,300,000",
768,2024-06-07,,전남,무안군,지자체,운남면 생활체육공원 시설물 개·보수 및 교체(주민참여예산),,,"15,000,000",
769,2024-06-07,,전남,무안군,지자체,다목적체육관 건립사업,,,"8,500,000,000",
770,2024-06-07,,전남,무안군,지자체,무안군 테니스장 시설개선 사업,,,"150,000,000",
771,2024-06-07,,전남,보성군,지자체,생활체육시설 조성 및 관리 - 공공체육시설 기반조성,,,"100,000,000",
772,2024-06-07,,전남,보성군,지자체,생활체육시설 조성 및 관리 - 야구장 조성사업 기본계획 및 환경성 검토용역,,,"50,000,000",
773,2024-06-07,,전남,보성군,지자체,벌교 생태공원 풋살장(다목적 보조구장) 조성,,,"700,000,000",
774,2024-06-07,,전남,보성군,지자체,파크골프장 조성사업 기본계획 및 환경성 검토용역,,,"60,000,000",
775,2024-06-07,,전남,보성군,지자체,근린생활형 체육관 조성,,,"398,000,000",
776,2023-09-22,광주총판,전남,완도군,지자체,소안생활체육공원,MD 55,900,"55,350,000", 광주총판 
777,2024-06-07,,전남,순천시,지자체,체육기반 시설 확충 - 동네체육시설 설치 및 보수,,,"300,000,000",
778,2024-06-07,,전남,순천시,지자체,해룡산단 내 파크골프장 조성 공사,,,"1,200,000,000",
779,2024-06-07,,전남,순천시,지자체,주민개방형 폴리텍대학 체육시설 개선 - 주민개방형 체육시설 개선,,,"150,000,000",
780,2024-06-07,,전남,순천시,지자체,보조경기장 인조잔디 유지관리,,,"650,000,000",
781,2024-06-07,,전남,순천시,지자체,팔마다목적체육관 증축 및 리모델링 공사,,,"1,300,000,000",
782,2024-06-07,,전남,순천시,지자체,올림픽기념관 노후 시설 개보수 공사,,,"645,000,000",
783,2024-06-07,,전남,신안군,지자체,신안군 야구장 조성공사,,,"136,487,000",
784,2024-06-07,,전남,신안군,지자체,암태면 복합생활밀착형 국민체육센터 건립,,,"1,223,000,000",
785,2024-06-07,,전남,신안군,지자체,지도읍장애인형국민체육센터건립,,,"2,275,000,000",
786,2024-06-07,,전남,여수시,지자체,"시민과 함께하는 공공체육시설 확충 - 공공체육시설(건물, 시설물) 보수",,,"100,000,000",
787,2024-06-07,,전남,여수시,지자체,"동네체육시설 확충 및 정비 - 기존 동네체육시설(기구, 시설물) 보수",,,"80,000,000",
788,2024-06-07,,전남,여수시,지자체,동네체육시설 확충 및 정비 - 국동 시민복합구장 등 5개소 동네체육시설 설치,,,"50,000,000",
789,2024-06-07,,전남,여수시,지자체,동네체육시설 확충 및 정비 - 돌산읍 진두마을 동네체육시설 설치,,,"20,000,000",
790,2024-06-07,,전남,여수시,지자체,동네체육시설 확충 및 정비 - 소라면 현천1리 동네체육시설 설치,,,"20,000,000",
791,2024-06-07,,전남,여수시,지자체,웅천국민체육센터 건립,,,"450,000,000",
792,2024-06-07,,전남,영광군,지자체,게이트볼장 유지보수(읍면 게이트볼장),,,"30,000,000",
793,2024-06-07,,전남,영광군,지자체,불갑 청소년선수 훈련공간 인조잔디구장 조성,,,"750,000,000",
794,2024-06-07,,전남,영광군,지자체,축구보조구장 인조잔디 보수,,,"20,000,000",
795,2024-06-07,,전남,영암시,지자체,체육시설 설치 및 정비 부대비,,,"283,000,000",
796,2024-06-07,,전남,영암시,지자체,공공체육시설 확충사업 군관리 계획변경 실시설계용역,,,"478,400,000",
797,2024-06-07,,전남,영암시,지자체,체육시설 설치 및 정비 - 영암 파크골프장 잔디 및 환경정비사업,,,"36,400,000",
798,2024-06-07,,전남,영암시,지자체,체육시설 설치 및 정비 - 공공 및 생활체육시설 유지보수,,,"50,000,000",
799,2024-06-07,,전남,영암시,지자체,읍ㆍ면 게이트볼장 설치 및 정비 - 게이트볼장 정비 및 유지보수,,,"15,000,000",
800,2024-06-07,,전남,영암시,지자체,삼호 어울림 문화체육센터 건립공사 ,,,"1,460,000,000",
801,2024-06-07,,전남,영암시,지자체,영암 반다비 체육센터 건립,,,"1,000,000,000",
802,2024-06-07,,전남,완도군,지자체,약산 생활체육공원 조성,,,"347,000,000",
803,2024-06-07,,전남,완도군,지자체,금일 해양치유 생활체육공원 조성,,,"347,000,000",
804,2024-06-07,,전남,완도군,지자체,완도 야구 실내연습장 건립,,,"1,500,000,000",
805,2024-06-07,,전남,완도군,지자체,생일 전천후 실내게이트볼장 조성,,,"800,000,000",
806,2024-06-07,,전남,장성군,지자체,장성군 파크골프장 신규조성사업,,,"2,000,000,000",
807,2024-06-07,,전남,장성군,지자체,워라벨 등 경기장 시설개선,,,"600,000,000",
808,2024-02-01,이상원 부장,전남,장흥군,지자체,장흥 야구장 건립공사 기본계획 및 실시설계 용역,,,,
809,2024-06-07,,전남,장흥군,지자체,체육시설 확충 - 시설물 유지보수 ,,,"20,000,000",
810,2024-06-07,,전남,장흥군,지자체,정남진 종합스포츠타운 건립,,,"1,500,000,000",
811,2024-06-07,,전남,장흥군,지자체,지천생태공원종합운동장 조성,,,"1,147,600,000",
812,2024-02-06,이상원 부장,전남,진도군,지자체,진도 서정환 베이스볼 타운 조성 야구장 2면,MD 55,,,
813,2024-06-07,,전남,진도군,지자체,동네체육시설 설치,,,"70,000,000",
814,2024-06-07,,전남,진도군,지자체,서남부 다목적체육관 건립사업,,,"200,000,000",
815,2024-06-07,,전남,진도군,지자체,공공체육시설 유지보수비,,,"100,000,000",
816,2023-11-15,남기영 팀장,전남,함평군,지자체,스포츠타운 조성사업,,, - ,
817,2023-11-15,남기영 팀장,전남,함평군,지자체,월야 실내체육관 건립사업,,,,
818,2023-10-24,이상원 부장,전남,해남군,지자체,해남야구장 인조잔디설치,MD 55,"10,800","664,200,000", 위즈 
819,2024-02-01,이상원 부장,전남,해남군,지자체,해남 삼삼면 제2스포츠타운 야구장 1면 축구장 1면 조성,,,,
820,2024-06-07,,전남,해남군,지자체,제2스포츠타운 조성,,,"6,166,000,000",
821,2024-06-07,,전남,해남군,지자체,화산파크골프장 조성사업,,,"400,000,000",
822,2024-06-07,,전남,해남군,지자체,우슬경기장 노후시설 개보수사업,,,"800,000,000",
823,2024-06-07,,전남,해남군,지자체,우슬 축구전용구장 충전재 보충,,,"50,000,000",
824,2024-06-07,,전남,해남군,지자체,우슬여자축구장 잔디 교체,,,"100,000,000",
825,2024-06-07,,전남,해남군,지자체,해남야구장 규사 보충,,,"50,000,000",
826,2024-06-07,,전남,해남군,지자체,북평 풋살장 설치,,,"150,000,000",
827,2024-06-07,,전남,해남군,지자체,실내게이트볼장 인조잔디 교체,,,"350,000,000",
828,2024-06-07,,전남,해남군,지자체,우슬축구장 및 풋살장 유지관리,,,"30,000,000",
829,2024-06-07,,전남,화순군,지자체,다목적운동장 인조잔디 및 회랑 설치,,,"160,000,000",
830,2024-06-07,,전남,화순군,지자체,파크골프장 조성,,,"264,000,000",
831,2024-06-07,,전남,화순군,지자체,생활체육시설보수 - 생활체육시설 유지보수,,,"50,000,000",
832,2024-06-07,,전남,화순군,지자체,생활체육시설보수 - 사평면 게이트볼장 시설 개보수,,,"25,000,000",
833,2024-06-07,,전남,화순군,지자체,화순 다목적체육관 조성사업,,,"2,000,000,000",
834,2024-06-07,,전남,화순군,지자체,농촌폐기물종합처리시설 3단계 매립지 조성,,,"1,830,000,000",
835,2024-06-07,,전북,본청,지자체,체육시설 조성(지원) - 소규모 생활체육시설 조성지원,,,"350,000,000",
836,2024-06-07,,전북,본청,지자체,체육시설 조성(지원) - 2025 도민체전 개최 경기장 시설개선 지원,,,"1,100,000,000",
837,2024-06-07,,전북,본청,지자체,주민참여예산(체육정책과) - 공동이용 체육시설 기능보강,,,"523,440,000",
838,2024-06-07,,전북,본청,지자체,체육진흥시설 지원(2차)(전환사업) - 체육진흥시설 지원,,,"17,740,000,000",
839,2024-06-07,,전북,본청,지자체,공공체육시설 개보수 지원 - 공공체육시설 개보수 지원,,,"4,170,000,000",
840,2024-06-07,,전북,고창군,지자체, 고창 성내면 체육관 건립사업 ,,,"1,500,000,000",
841,2024-06-07,,전북,고창군,지자체, 고창스포츠타운 조성사업 ,,,"1,580,000,000",
842,2024-06-07,,전북,고창군,지자체,생활체육시설(배드민턴)전용구장 건립사업,,,"747,300,000",
843,2024-06-07,,전북,고창군,지자체,생활축구경기장시설개선사업,,,"1,494,600,000",
844,2024-06-07,,전북,고창군,지자체,신림다목적구장 시설개선,,,"100,000,000",
845,2024-06-07,,전북,고창군,지자체,생활체육테마공원 개보수,,,"170,000,000",
846,2024-06-07,,전북,고창군,지자체,고창일반산업단지 - 복합문화체육센터 건립,,,"1,495,388,000",
847,2024-01-03,이상원 부장,전북,군산교육지원청,학교,군산신풍초등학교 인조잔디 운동장 사업,MD 55,"4,900","835,924,000",
848,2024-01-03,이상원 부장,전북,군산교육지원청,학교,군산고등학교 인조잔디 운동장 사업,MD 55,"2,000","175,954,000",
849,2024-06-07,,전북,군산시,지자체,체육공원 및 시민생활 체육시설 보수,,,"100,000,000",
850,2024-06-07,,전북,군산시,지자체,소릉체육공원 내 그라운드골프장 정비사업,,,"200,000,000",
851,2024-06-07,,전북,군산시,지자체,서군산복합체육센터 건립사업,,,"4,695,062,000",
852,2024-06-07,,전북,군산시,지자체,생말파크골프장 조성사업,,,"1,500,000,000",
853,2024-01-03,이상원 부장,전북,김제교육지원청,학교,한들중학교 인조잔디 운동장 사업,MD 55,"2,700","314,107,000",
854,2024-06-07,,전북,김제시,지자체,김제 실내게이트볼장 조성(봉남면),,,"398,740,000",
855,2024-06-07,,전북,김제시,지자체,김제 실내게이트볼장 조성(배국면),,,"348,897,000",
856,2024-06-07,,전북,김제시,지자체,김제 실내게이트볼장 조성(용지면),,,"348,897,000",
857,2024-06-07,,전북,김제시,지자체,죽산면 파크골프장 조성,,,"993,700,000",
858,2024-06-07,,전북,김제시,지자체,축구전용구장 시설개선,,,"1,900,000,000",
859,2024-06-07,,전북,남원군,지자체,남원종합스포츠타운 풋살장 조성,,,"2,989,200,000",
860,2024-06-07,,전북,남원군,지자체,부남면 게이트볼장 인조잔디 교체공사,,,"100,000,000",
861,2024-01-03,이상원 부장,전북,부안교육지원청,학교,부안초등학교 인조잔디 운동장 사업,MD 55,,"507,002,000",
862,2023-10-27,남기영 팀장,전북,부안군,지자체,위도 실내게이트볼장 건립사업 기본 및 실시설계 용역,,, - ,
863,2024-06-07,,전북,부안군,지자체,스포츠시설 확충 - 부안테니스돔구장 건립사업,,,"500,000,000",
864,2024-06-07,,전북,부안군,지자체,스포츠시설 확충 - 부안실내론볼장 건립사업,,,"20,000,000",
865,2024-06-07,,전북,부안군,지자체,위도 실내게이트볼장 건립사업,,,"610,000,000",
866,2024-06-07,,전북,부안군,지자체,학교 운동장 인조잔디 조성,,,"60,000,000",
867,2024-06-07,,전북,부안군,지자체,청우생활문화센터 조성,,,"1,166,000,000",
868,2024-02-01,이상원 부장,전북,순창군,지자체,쌍치 금정체육공원 파크골프장 조성사업 실시설계 용역,,,,
869,2024-06-07,,전북,순창군,지자체,"체육기반시설 확충 - 유등 실내다목적구장 건립사업(총사업비32억원,`23~`25년) ",,,"1,127,000,000",
870,2024-06-07,,전북,순창군,지자체,체육기반시설 확충 - 유등 섬진강 체육공원 파크골프장 조성사업 ,,,"1,360,000,000",
871,2024-06-07,,전북,순창군,지자체,체육기반시설 확충 - 적성 실내다목적구장 건립사업 1식,,,"307,000,000",
872,2024-02-01,이상원 부장,전북,완주군,지자체,완주군 제2야구장 조성사업 기본계획 및 타당성 용역,,,,
873,2024-06-07,,전북,완주군,지자체,소양 복합체육시설 조성사업,,,"800,000,000",
874,2024-06-07,,전북,완주군,지자체,완주 과학산업단지 어린이체육관 조성,,,"596,650,000",
875,2024-06-07,,전북,완주군,지자체,완주군 축구메카 조성사업 토지매입,,,"1,500,000,000",
876,2024-06-07,,전북,완주군,지자체,완주 실내테니스장 조성 용역,,,"50,000,000",
877,2024-06-07,,전북,완주군,지자체,완주군 제2야구장 조성 설계,,,"50,000,000",
878,2024-06-07,,전북,완주군,지자체,이서 지사울공원 축구장 인조잔디 교체사업,,,"476,568,000",
879,2024-06-07,,전북,완주군,지자체,봉서골 생활체육공원 조성,,,"347,498,000",
880,2024-01-03,이상원 부장,전북,익산교육지원청,학교, 이리북중학교 인조잔디 운동장 사업,MD 55,"4,600","757,105,000",
881,2024-01-03,이상원 부장,전북,익산교육지원청,학교, 익산고등학교 인조잔디 운동장 사업,MD 55,"7,400","1,050,001,000",
882,2023-10-26,남기영 팀장,전북,익산시,지자체, 황등체육공원 조성사업 기본 및 실시설계 용역,MD 55,"8,400","516,600,000",
883,2023-10-26,남기영 팀장,전북,익산시,지자체, 북부권체육공원 조성사업 기본 및 실시설계 용역,MD 55,"10,000","615,000,000",
884,2023-11-21,남기영 팀장,전북,익산시,지자체, 원광대 시민개방형 체육시설 조성,,, - ,
885,2024-06-07,,전북,익산시,지자체,익산야구장 조성사업,,,"250,000,000",
886,2024-06-07,,전북,임실군,지자체,임실군 야구장 조성사업,,,"1,500,000,000",
887,2024-06-07,,전북,임실군,지자체,청웅면 게이트볼장 인조잔디 교체,,,"40,000,000",
888,2024-06-07,,전북,임실군,지자체,오수면 의견공원내 족구장 조성,,,"70,000,000",
889,2024-06-07,,전북,장수군,지자체,동네체육시설 조성사업,,,"150,000,000",
890,2024-06-07,,전북,장수군,지자체,장애인을 위한 체육시설 정비사업,,,"200,000,000",
891,2024-06-07,,전북,장수군,지자체,장계 파크골프장 조성,,,"400,000,000",
892,2024-06-07,,전북,장수군,지자체,번암 파크골프장 조성,,,"1,000,000,000",
893,2024-06-07,,전북,장수군,지자체,읍면체육시설 소규모 사업,,,"100,000,000",
894,2024-01-03,이상원 부장,전북,전주교육지원청,학교, 전주공업고등학교 인조잔디 운동장 사업,MD 55,"8,300","1,618,377,000",
895,2024-01-03,이상원 부장,전북,전주교육지원청,학교, 전주용와초등학교  인조잔디 운동장 사업(교체),MD 55,"4,400","400,001,000",
896,2024-01-03,이상원 부장,전북,전주교육지원청,학교, 우석고등학교  인조잔디 운동장 사업(교체),MD 55,"4,700","452,782,000",
897,2024-01-03,이상원 부장,전북,전주교육지원청,학교, 상산고등학교  인조잔디 운동장 사업(교체),MD 55,"5,100","429,097,000",
898,2024-01-03,이상원 부장,전북,전주교육지원청,학교, 유일여자고등학교  인조잔디 운동장 사업,MD 55,"8,000","661,752,000",
899,2023-09-12,이상원 부장,전북,전주시,지자체, 전주 육상경기장 야구장 복합스포츠타운,MD 55,, - ,
900,2023-11-02,김봉진 실장,전북,전주시,지자체, 전주 종합경기장 야구장,MD 55,, - , 김봉진 실장님 
901,2023-11-15,이상원 부장,전북,전주시,지자체, 남부권 반다비 체육센터 건립 ,,, - ,
902,2023-11-15,이상원 부장,전북,전주시,지자체, 전주실내체육관 건립,,, - ,
903,2024-02-01,이상원 부장,전북,정읍시,지자체,황토현 축구장 건립,,,,
904,2024-02-01,이상원 부장,전북,정읍시,지자체,정읍 스포츠 타운 건립,,,,
905,2024-06-07,,전북,정읍시,지자체,금붕동 게이트볼장 보수공사(인조잔디 충진재),,,"6,000,000",
906,2024-06-07,,전북,정읍시,지자체,샘고을 게이트볼장 신축비,,,"419,000,000",
907,2024-06-07,,전북,정읍시,지자체,체육시설관리 - 정읍종합운동장 제2종 공인 육상경기장 조성공사,,,"1,000,000,000",
908,2024-06-07,,전북,정읍시,지자체,주민참여예산 - 말고개공원 족구장 바닥 인조잔디 설치공사,,,"15,000,000",
909,2024-06-07,,전북,정읍시,지자체,"체육시설 확충 - 읍·면 체육시설 유지보수 1,600,000원*11개소",,,"17,600,000",
910,2024-06-07,,전북,진안군,지자체,"체육시설 확충 - 읍·면 체육시설 유지보수 1,600,000원*11개소",,,"17,600,000",
911,2024-06-07,,전북,진안군,지자체,"체육시설 확충 - 마령 전천후, 덕천게이트볼장 기능개선",,,"4,000,000",
912,2024-06-07,,전북,진안군,지자체,체육시설 확충 - 월랑공원 조성사업 사후환경영향조사 용역,,,"91,750,000",
913,2024-06-07,,전북,진안군,지자체,체육시설 확충 - 마령체련공원 기능개선 1식,,,"20,000,000",
914,2024-06-07,,전북,진안군,지자체,체육시설 확충 - 동향 게이트볼장 개보수 1식,,,"60,000,000",
915,2024-06-07,,전북,진안군,지자체,체육진흥시설지원(전환사업) - 동향 파크골프장 조성(전환),,,"400,000,000",
916,2024-06-07,,전북,진안군,지자체,체육진흥시설지원(전환사업) - 진안 테니스장 조성(전환),,,"1,600,000,000",
917,2024-06-07,,울릉,울릉도,지자체,공공체육시설유지보수,,,"50,000,000",
918,2024-06-07,,울릉,울릉도,지자체,서면체육시설보수공사,,,"22,000,000",
919,2024-06-07,,울릉,울릉도,지자체,현포게이트볼장 시설보수공사,,,"6,000,000",
920,2024-06-07,,울릉,울릉도,지자체,다목적복합구장시설보수공사,,,"50,000,000",
921,2024-06-07,,울릉,울릉도,지자체,울릉공설운동장시설운영 - 울릉군공설운동장유지보수,,,"20,000,000",
922,2024-06-07,,울릉,울릉도,지자체,북면사업경비 - 마을체육시설유지보수,,,"10,000,000",
923,2023-10-24,이상원 부장,제주,서귀포시,지자체,서귀포시 축구장 2면 24년 사업,MD 55,"16,000","984,000,000", 송영직 대표 
924,2023-10-24,김봉진 실장,제주,제주 세화고등학교,학교,세화고등학교 인조잔디 설치,MD 55,"5,600","344,400,000", 김봉진 실장님 
925,2023-09-12,남기영 팀장,제주,제주교육청,학교, 아라 월평 유초중학교 운동장조성,MD 55,"4,140","254,610,000", 김봉진 실장님 
926,2024-01-11,김봉진 실장,제주,제주교육청,학교, 제주 동화초등학교 인조잔디 교체작업,MD 55,"1,900","116,850,000",
927,2024-01-11,김봉진 실장,제주,제주교육청,학교, 제주 도련초등학교 인조잔디 교체작업,MD 55,"3,100","190,650,000",
928,2024-01-11,김봉진 실장,제주,제주교육청,학교, 신제주초등학교  인조잔디 교체작업,MD 55,"3,300","202,950,000",
929,2024-01-11,김봉진 실장,제주,제주교육청,학교, 제주 중앙고등학교  인조잔디 교체작업,MD 55,"7,900","485,850,000",
930,2023-10-24,이상원 부장,제주,제주시,지자체,남조봉공원 민오름지구 축구장 조성 - 25년 하반기 착수,MD 55,"8,000","492,000,000", 송영직 대표 
931,2023-12-14,이상원 부장,제주,제주시,지자체,걸매축구장 인조잔디 교체공사(특별교부세 12.06),,,,
932,2024-06-07,,제주,본청,지자체,제주시 서부지역 복합체육관 건립,,,"9,500,000,000",
933,2024-06-07,,제주,제주시,지자체,애월 생활 SOC 복합화사업(국민체육센터),,,"2,450,000,000",
934,2024-06-07,,제주,제주시,지자체,삼양반다비 체육센터 건립사업,,,"1,950,000,000",
935,2024-06-07,,제주,제주시,지자체,제주생활체육공원 국민체육센터 건립사업,,,"1,200,000,000",
936,2024-06-07,,제주,제주시,지자체,체육시설 개보수사업,,,"300,000,000",
937,2024-06-07,,제주,제주시,지자체,한경면 야외 테니스장 조성사업,,,"400,000,000",
938,2024-06-07,,제주,제주시,지자체,미리내공원 파크골프장 조성사업,,,"300,000,000",
939,2024-06-07,,제주,제주시,지자체,제주종합경기장 각종 대회행사대비 노후시설 보강공사,,,"80,000,000",
940,2024-06-07,,제주,제주시,지자체,공공체육시설 기능보강사업 - 읍면지역 공공체육시설 정비 및 기능보강 사업,,,"900,000,000",
941,2024-06-07,,제주,제주시,지자체,공공체육시설 기능보강사업 - 동지역 공공체육시설 정비 및 기능보강사업,,,"1,127,349,000",
942,2024-06-07,,제주,제주시,지자체,마을운동장등 각종 마을시설물 정비(기준보조율),,,"400,000,000",
943,2024-06-07,,제주,서귀포시,지자체,읍면지역 공공체육시설 보수보강공사,,,"150,000,000",
944,2024-06-07,,제주,서귀포시,지자체,월라봉 파크골프장 확장 조성사업,,,"1,000,000,000",
945,2024-06-07,,제주,서귀포시,지자체,서부지역 파크골프장 조성사업,,,"1,800,000,000",
946,2024-06-07,,제주,서귀포시,지자체,남원 파크골프장 확장 조성사업,,,"1,800,000,000",
947,2024-06-07,,제주,서귀포시,지자체,성산읍 테니스장 확충공사,,,"100,000,000",
948,2024-06-07,,제주,서귀포시,지자체,공공체육시설 유지보수 - 동지역 공공체육시설 보수보강공사,,,"100,000,000",
949,2024-06-07,,제주,서귀포시,지자체,공공체육시설 유지보수 - 월드컵경기장 보수보강공사,,,"100,000,000",
950,2024-06-07,,제주,서귀포시,지자체,공공체육시설 유지보수 - 인조잔디구장 유지보수공사,,,"30,000,000",
951,2024-06-07,,제주,서귀포시,지자체,강창학 주경기장 보수공사,,,"3,000,000,000",
952,2024-06-07,,제주,서귀포시,지자체,체육시설 관리운영 - 표선면 전천후 게이트볼장 보수공사,,,"50,000,000",
953,2023-11-08,김봉진 실장,제주,한라중학교,학교,한라중학교 인조잔디 설치,MD 55,"3,600","221,400,000", 김봉진 실장님 
954,2024-06-07,,충남,계룡시,지자체,생활체육시설 관리 및 유지보수 등,,,"148,650,000",
955,2024-06-07,,충남,계룡시,지자체,금암 게이트볼장 잔디 교체,,,"40,000,000",
956,2023-09-12,남기영 팀장,충남,공주시,지자체, 시립 테니스장 시설정비,MD 25,, - ,
957,2024-01-30,이영만 이사,충남,공주시,지자체,충청남도 교통연수원 축구장 개선,,,"700,000,000",
958,2024-06-07,,충남,공주시,지자체,사곡중 풋살장 인조잔디 조성,,,"37,008,000",
959,2024-06-07,,충남,공주시,지자체,마이스터고 인조잔디 풋살장 조성,,,"101,149,000",
960,2024-06-07,,충남,공주시,지자체,반포문화센터 체육시설 설치,,,"60,000,000",
961,2024-06-07,,충남,공주시,지자체,체육시설 유지관리 -  체육시설 정비 및 보수,,,"30,000,000",
962,2024-06-07,,충남,공주시,지자체,소규모생활체육시설 확충 및 보강 - 생활(동네)체육시설 확충 및 보강,,,"100,000,000",
963,2024-06-07,,충남,공주시,지자체,시민운동장 잔디구장 유지관리,,,"50,000,000",
964,2024-06-07,,충남,공주시,지자체,시민운동장 새단장(개보수),,,"1,134,000,000",
965,2024-06-07,,충남,금산군,지자체,금산산업고 인조잔디 운동장 조성 사업,,,"400,000,000",
966,2024-06-07,,충남,금산군,지자체,생활체육시설설치정비(자체) - 읍면 체육시설 확충 및 보수,,,"100,000,000",
967,2024-06-07,,충남,금산군,지자체,생활체육시설설치정비(자체) - 공공 체육시설 확충 및 보수,,,"100,000,000",
968,2024-06-07,,충남,금산군,지자체,이슬공원 족구장 시설보수보강,,,"174,384,000",
969,2024-06-07,,충남,금산군,지자체,반다비 체육센터 조성,,,"3,989,200,000",
970,2024-06-07,,충남,금산군,지자체,그라운드 골프장 확충사업 (토지매입),,,"1,710,000,000",
971,2023-11-25,이상원 부장,충남,논산시,지자체,논산시민운동장 야구장(미도)(내야),MD 55,"3,088","247,040,000",
972,2024-06-07,,충남,논산시,지자체,강경여자중학교 인조잔디 교체,,,"189,193,000",
973,2024-06-07,,충남,논산시,지자체,생활체육진흥 - 동네체육시설 및 체육공원 유지보수,,,"150,000,000",
974,2024-06-07,,충남,논산시,지자체,게이트볼장 등 체육시설 보수정비,,,"300,000,000",
975,2024-06-07,,충남,논산시,지자체,가야곡 풋살장 조성,,,"200,000,000",
976,2024-06-07,,충남,논산시,지자체,시민운동장 테니스장 확장 개보수,,,"150,000,000",
977,2024-06-07,,충남,논산시,지자체,강경 파크골프장 신규 조성,,,"1,600,000,000",
978,2024-06-07,,충남,논산시,지자체,논산 다목적 체육공원 조성 타당성 조성용역,,,"50,000,000",
979,2024-06-07,,충남,논산시,지자체,연산면 주민불편 시설 등 개선사업 - 체육 및 주민복지관련 시설물 정비 등,,,"20,000,000",
980,2023-11-30,남기영 팀장,충남,단국대학교,학교,단국대학교 천안캠퍼스 인조잔디,MD 55,"9,500","584,250,000", 김봉진 실장님 
981,2023-11-21,김봉진 실장,충남,당진 세한대학교,학교,세한대학교 당진캠퍼스,MD 55,"8,500","522,750,000", 김봉진 실장님 
982,2024-06-07,,충남,당진시,지자체,학교 교육경비 지원 - 당진정보고 운동장 개선,,,"457,788,000",
983,2024-06-07,,충남,당진시,지자체,학교 교육경비 지원 - 합덕제철고 운동장 개선,,,"527,166,000",
984,2024-06-07,,충남,당진시,지자체,석문면 삼봉리 게이트볼장 보수공사,,,"20,000,000",
985,2024-06-07,,충남,당진시,지자체,당진2동 게이트볼장 시설 보강,,,"30,000,000",
986,2024-06-07,,충남,당진시,지자체,당진3동 게이트볼장 시설 보강,,,"30,000,000",
987,2024-06-07,,충남,당진시,지자체,체육시설물 개보수 시설부대비,,,"833,300,000",
988,2024-06-07,,충남,당진시,지자체,기지시 테니스코트 조성사업,,,"400,000,000",
989,2024-06-07,,충남,당진시,지자체,송산문화스포츠센터 건립사업 (용역),,,"570,000,000",
990,2024-06-07,,충남,당진시,지자체,석문국가산단 내 파크골프장 확장공사,,,"700,000,000",
991,2024-06-07,,충남,당진시,지자체,"아산국가산단, 일반산단 공원녹지 유지관리 - 한진공원 
파크골프장 조성사업",,,"350,000,000",
992,2024-02-01,이영만 이사,충남,도청,지자체,2027년 하계세계대학 경기대회 테니스장 조성,,,,
993,2024-02-01,이영만 이사,충남,도청,지자체,충남스포츠센터 건립,,,,
994,2024-02-01,이영만 이사,충남,보령시,지자체,웅천생활체육공원 수해복구사업 설계용역,,,,
995,2024-06-07,,충남,부여군,지자체,백마강생활체육공원 파크골프장 증설,,,"2,000,000,000",
996,2024-06-07,,충남,부여군,지자체,은산면 게이트볼장 신축사업,,,"1,000,000,000",
997,2024-06-07,,충남,부여군,지자체,장암면 게이트볼장 신축사업,,,"945,000,000",
998,2023-11-02,이상원 부장,충남,서산시,지자체,"서산스포츠테마파크 (풋살장 3면, 야구장 2면)",MD 55,, - , 배정주 대표 
999,2024-06-07,,충남,서산시,지자체,팔봉면 게이트볼장 인조잔디 교체,,,"50,000,000",
1000,2024-06-07,,충남,서산시,지자체,서산 야구장 조성사업 입지 선정 및 타당성 조사 용역,,,"49,000,000",
1001,2024-06-07,,충남,서산시,지자체,지곡면 야외체육시설 조성사업 용역,,,"200,000,000",
1002,2024-06-07,,충남,서산시,지자체,스포츠테마파크(3단계)조성공사,,,"1,744,000,000",
1003,2024-06-07,,충남,서산시,지자체,서산 테크노밸리 야외체육시설 조성사업,,,"820,000,000",
1004,2024-06-07,,충남,서산시,지자체,고북테니스장 정비공사,,,"472,000,000",
1005,2024-06-07,,충남,서천군,지자체,론볼경기장 조성 시설비,,,"300,000,000",
1006,2024-06-07,,충남,서천군,지자체,서천 어울림 파크골프장 조성,,,"1,050,000,000",
1007,2024-06-07,,충남,서천군,지자체,동부권역 농업인 다목적체육관 건립,,,"500,000,000",
1008,2023-11-21,김봉진 실장,충남,아산 경찰대학교,학교,경찰대학교 인조잔디,MD 55,"10,000","615,000,000", 김봉진 실장님 
1009,2022-03-31,이상원 부장,충남,아산시,지자체, 아산 용화체육공원,MD 35,500,"26,500,000",
1010,2023-03-06,남기영 팀장,충남,아산시,지자체,도고 스포츠타운,MD 55 ,, - ,
1011,2023-09-22,남기영 팀장,충남,아산시,지자체,선장 파크골프장 조성,,,,
1012,2023-09-22,남기영 팀장,충남,아산시,지자체,배방 족구장 조성,MD 35,"1,000","53,000,000",
1013,2024-03-12,남기영 팀장,충남,아산시,지자체,농어촌공사 인주면 기초생활 거점사업,MD55,,,
1014,2024-06-07,,충남,아산시,지자체,예산 게이트볼장 개선사업,,,"400,000,000",
1015,2024-06-07,,충남,아산시,지자체,삽교천체육공원조성사업,,,"1,000,000,000",
1016,2024-06-07,,충남,아산시,지자체,대술면 게이트볼장 신축사업,,,"1,495,090,000",
1017,2024-06-07,,충남,아산시,지자체,종합운동장 게이트볼장 건립,,,"1,000,000,000",
1018,2024-06-07,,충남,아산시,지자체,백석동 파크골프장 36홀 조성,,,"3,000,000,000",
1019,2023-11-21,남기영 팀장,충남,예산군,지자체,삽교천 체육공원,,,,
1020,2023-10-17,이상원 부장,충북,중원대학교,학교,괴산 중원대학교,MD 55,"8,400","516,600,000", 배정주 대표 
1021,2024-06-07,,충북,괴산군,지자체,칠성생활체육공원 재해복구,,,"30,031,000",
1022,2024-06-07,,충북,괴산군,지자체,반다비 국민체육센터 건립,,,"2,000,000,000",
1023,2024-06-07,,충북,괴산군,지자체,송면 근린생활형 국민체육센터 건립,,,"600,000,000",
1024,2024-06-07,,충북,괴산군,지자체,괴산전천후게이트볼장잔디교체,,,"40,000,000",
1025,2024-06-07,,충북,괴산군,지자체,괴산 스포츠타운 조성,,,"572,000,000",
1026,2024-06-07,,충북,단양군,지자체,체육시설물 유지관리 - 마을단위 체육시설 유지보수 ,,,"50,000,000",
1027,2024-06-07,,충북,단양군,지자체,"체육시설물 유지관리 - 읍면 게이트볼장 유지보수 
5,000,000원*10개소",,,"50,000,000",
1028,2024-06-07,,충북,단양군,지자체,"체육시설물 유지관리 - 주요체육시설 개보수 
10,000,000원*12개소 ",,,"120,000,000",
1029,2024-06-07,,충북,단양군,지자체,체육시설물 유지관리 - 매포생활체육공원 축구장 인조잔디 교체공사 실시설계 ,,,"22,000,000",
1030,2024-01-30,김봉진 실장,충북,당진시,지자체,당진공공하수처리시설 부지 테니스장,,,,
1031,2023-11-28,이상원 부장,충북,보은군,지자체,보은 다목적종합운동장 1면 조성,MD 55,,,
1032,2024-06-07,,충북,보은군,지자체,마로면 전천후 게이트볼장 정비공사,,,"181,755,000",
1033,2023-11-28,이상원 부장,충북,음성군,지자체,"음성 생극면 생활체육공원 축구장, 풋살장, 족구장",MD 55,,,
1034,2024-06-07,,충북,음성군,지자체,생극 소규모 생활체육공원조성사업,,,"1,000,000,000",
1035,2024-06-07,,충북,음성군,지자체,원남 소규모 체육관 건립사업,,,"580,000,000",
1036,2024-02-01,이상원 부장,충북,제천시,지자체,북부지역 생활체육공원 조성사업 기본계획 용역,,,,
1037,2024-02-01,이상원 부장,충북,제천시,지자체,신백동 생활체육공원 확장사업 기본계획 용역,,,,
1038,2024-06-07,,충북,증평군,지자체,체육시설 정비 - 체육시설정비(대규모수선비POOL) ,,,"90,000,000",
1039,2024-06-07,,충북,증평군,지자체,"마을단위 체육시설 확충 - 마을단위체육시설 교체 및 설치
2,500,000원*6점",,,"15,000,000",
1040,2024-06-07,,충북,증평군,지자체,증평국민체육센터 개보수사업,,,"1,050,000,000",
1041,2024-06-07,,충북,증평군,지자체,증평스포츠테마파크 조성사업,,,"910,000,000",
1042,2023-09-12,남기영 팀장,충북,진천군,지자체, 덕산읍 스포츠타운 조성 계획,,,,
1043,2024-06-07,,충북,진천군,지자체,진천종합스포츠타운 운영 및 관리 - 체육시설 보수비,,,"7,000,000",
1044,2024-06-07,,충북,진천군,지자체,"체육시설 운영 및 정비 - 체육시설 보수비 2,000,000원*10개소",,,"20,000,000",
1045,2024-06-07,,충북,진천군,지자체,진천종합스포츠타운 다목적체육관 건립,,,"3,000,000,000",
1046,2024-06-07,,충북,진천군,지자체,진천스포츠타운 소프트테니스장 조성사업,,,"600,000,000",
1047,2023-12-27,김봉진 실장,충북,청주대학교,학교, 청주대학교 인조잔디 교체,MD 55,"7,800","479,700,000", 김봉진 실장님 
1048,2023-12-07,이상원 부장,충북,청주시,지자체,청주옥산체육공원 축구장 인조잔디 교체,MD 55,"7,700","473,550,000",
1049,2024-02-01,이상원 부장,충북,청주시,지자체,미원생활체육공원 조성공사 실시설계 용역,,,,
1050,2024-05-17,이상원 부장,충북,충주시,지자체,충주 대가미공원 인조잔디 - 관급자재,EG 55,"3,700","234,950,000",
1051,2024-06-07,,충북,충주시,지자체,금가 기곡게이트볼장 정비,,,"45,000,000",
1052,2024-06-07,,충북,충주시,지자체,제64회 충북도민체육대회 경기장 개보수,,,"2,750,000,000",
1053,2024-06-07,,충북,충주시,지자체,파크골프장 조성(전환사업) - 앙성면 파크골프장 조성 ,,,"420,000,000",
1054,2024-06-07,,충북,홍성군,지자체,국민체육센터 건립,,,"8,200,000,000",
1055,2024-06-07,,충북,홍성군,지자체,결성면 스포츠타운 조성,,,"1,050,000,000",
1056,2024-05-13,이상원 부장,군부대,해군1함대사령부,군부대,해군 1함대 족구장,MD 55,"1,200","73,800,000",
1057,2024-05-13,이상원 부장,군부대,해군3함대사령부,군부대,해군 3함대 야구장 겸용 축구장,MD 55,"11,000","676,500,000",
